YEAR,MO,DY,PS,WS10M,WS50M,PRECTOTCORR,QV2M,TS,T2MDEW,T2M,ALLSKY_SFC_UV_INDEX,ALLSKY_SRF_ALB,CLRSKY_SFC_SW_DWN,ALLSKY_SFC_SW_DWN
2019,1,1,99.53,4.12,5.1,0.04,1.89,-5.45,-9.02,-5.97,0.13,0.2,113.8,36.27
2019,1,2,99.04,3.98,5.76,0,1.95,-5.99,-8.6,-5.67,0.29,0.19,119.26,108.83
2019,1,3,98.53,2.56,3.88,0.05,2.56,-3.49,-5.6,-1.99,0.27,0.19,119.85,121.86
2019,1,4,97.96,3.16,5.29,0.01,3.6,-0.25,-1.28,1.6,-999,0.18,117.66,119.74
2019,1,5,98.38,3.09,4.72,0,4.64,1.91,2.44,2.85,0.31,0.18,115.17,110.75
2019,1,6,98.01,6.59,10.04,0.08,6.1,6.12,6.05,7.28,0.22,0.19,109.87,40.63
2019,1,7,97.57,7.27,10.72,1.07,6.96,10.16,7.88,10.9,-999,0.19,117.7,103.7
2019,1,8,99.07,7.29,10.92,0,3.54,3.74,-1.07,4.39,0.34,0.19,123.98,125.76
2019,1,9,99.91,4.73,7.24,0,2.26,-2.12,-6.65,-1.93,-999,0.2,126.27,121.03
2019,1,10,99.42,3.45,5.2,0.02,2.69,-0.92,-4.87,-1.12,0.38,0.2,122.41,113.27
2019,1,11,98.76,4.31,6.15,19.94,3.78,0.4,-0.17,0.6,0.1,0.17,112.86,23.57
2019,1,12,98.66,5.59,7.38,8.77,3.3,-1.56,-2.08,-1.4,0.13,0.19,117.77,31.11
2019,1,13,99.65,3.69,5.27,0.21,2.81,-4.59,-4.15,-3.24,0.12,0.19,120.85,27.42
2019,1,14,99.61,3.27,4.81,0.03,2.62,-4.71,-5.01,-4.26,0.1,0.18,127.98,23.97
2019,1,15,99.04,4.29,6.23,0,3.23,-1.77,-2.32,-1.75,0.09,0.19,125.48,25
2019,1,16,98.88,2.54,3.75,0.55,3.42,-1.13,-1.68,-0.9,0.12,0.2,120.88,28.7
2019,1,17,98.74,2.41,3.73,0.23,3.3,-1.68,-2.03,-1.06,0.13,0.18,125.33,26.94
2019,1,18,98.09,5.15,7.03,5.78,3.6,-0.9,-1.04,-0.42,0.07,0.17,124.45,18.74
2019,1,19,98.83,9.58,11.99,0.72,1.77,-7.88,-9.88,-7.99,0.27,0.32,136.02,81.84
2019,1,20,99.46,3.59,4.51,0.05,1.34,-9.37,-12.83,-9.68,0.16,0.19,134.37,45.55
2019,1,21,98.71,8.35,10.92,0.01,2.44,-4.38,-6.49,-4.3,0.23,0.17,126.89,47.48
2019,1,22,97.84,7.27,10.22,9.75,4.03,0.36,0.26,1.01,0.16,0.2,122.1,33.02
2019,1,23,98.41,5.38,7.21,0.1,2.01,-6.44,-8.32,-6.45,0.37,0.33,143.5,133.12
2019,1,24,98.98,6.1,8.3,0,1.83,-7.92,-9.77,-7.38,0.34,0.41,146.95,118.14
2019,1,25,99.13,5.48,7.68,0.01,1.95,-8.65,-9.38,-7.44,0.26,0.31,143.42,81.66
2019,1,26,98.65,4.2,6.35,0.01,2.99,-2.85,-3.76,-2.22,0.33,0.33,141.34,110.44
2019,1,27,98.26,5.3,7.63,0,2.93,-1.49,-4.36,-1.35,0.27,0.3,142.84,92.56
2019,1,28,98.24,9.49,12.54,1.5,2.38,-3.5,-7.49,-3.53,0.41,0.31,152.12,143.14
2019,1,29,99.07,6.16,8.31,0,1.34,-8.33,-13.03,-8.56,0.24,0.29,153.55,91.62
2019,1,30,99.63,3.34,4,0.25,0.61,-14.76,-21.42,-16.75,0.24,0.3,157.54,90.48
2019,1,31,98.91,3.5,4.41,0,2.01,-7.2,-9.47,-7.19,0.33,0.33,146.61,118.21
2019,2,1,98.89,3.03,4.68,0,3.91,0.02,-0.3,0.32,0.48,0.39,148.32,147.77
2019,2,2,98.35,5.78,9.35,0,6.41,5.87,6.9,6.69,0.3,0.38,143.49,65.46
2019,2,3,97.49,8.05,11.55,0,8.54,12.12,11.13,12.72,0.33,0.19,142.59,76.74
2019,2,4,97.94,6.9,9.16,0,4.39,1.84,-0.75,1.61,0.54,0.3,149.96,113.89
2019,2,5,98.37,4.12,4.75,0.55,2.44,-1.98,-6.22,-3.22,0.2,0.17,145.38,32.41
2019,2,6,98.15,4.06,4.68,3.2,2.56,-1.72,-5.51,-2.8,0.23,0.17,150.54,37.23
2019,2,7,98.82,8.93,11.33,6.66,1.34,-8.73,-13.06,-9.17,0.52,0.23,167.45,107.37
2019,2,8,100.58,3.8,5.12,0,0.98,-12.52,-16.21,-12.09,0.6,0.28,177.98,175.74
2019,2,9,100.33,5.07,6.87,0,1.77,-7.65,-10.24,-7.54,0.44,0.23,171.13,101.03
2019,2,10,98.95,3.64,5.05,1.08,3.42,-1.07,-1.7,-0.6,0.28,0.18,161.42,48.91
2019,2,11,97.95,4.42,6.01,10.57,3.78,0,-0.44,0.07,0.16,0.16,149.05,26.88
2019,2,12,98.47,7.12,10.02,0.01,2.62,-3.03,-5.23,-2.49,0.6,0.19,178.12,163.55
2019,2,13,98.18,5.11,8.14,0,3.42,-1.99,-2.6,0.3,0.44,0.2,167.88,128.52
2019,2,14,97.32,7.77,10.8,0,3.78,1.71,-1.19,2,0.52,0.22,169.53,153.68
2019,2,15,98.59,6.09,7.26,5.87,1.46,-7.31,-12.06,-8.4,0.33,0.31,178.96,64.41
2019,2,16,98.2,4.27,5.56,0.94,1.89,-6.64,-9.27,-7.02,0.64,0.32,183.88,158.54
2019,2,17,98.06,5.55,7.62,0.15,2.32,-4.61,-6.61,-4.53,0.33,0.2,187.29,60.1
2019,2,18,99.74,3.89,5.38,0,1.89,-6.43,-8.81,-6.84,0.38,0.27,190.06,98.92
2019,2,19,99.39,5.84,7.62,6.22,2.44,-3.99,-5.95,-4.03,0.41,0.38,182.7,94.48
2019,2,20,97.89,5.22,8.15,2.07,2.99,-2.13,-3.56,-1.58,0.51,0.48,195.01,113.14
2019,2,21,98.88,3.66,5.76,0,2.69,-2.85,-4.68,-2.04,0.56,0.25,194.98,117.18
2019,2,22,98.9,6.09,8.51,5,3.36,-0.45,-2.11,-0.32,0.41,0.45,182.35,84.23
2019,2,23,97.29,5.87,8.25,9.23,4.7,2.94,2.14,3.23,0.41,0.41,184.54,74.34
2019,2,24,99.14,8.1,10.28,0,2.2,-2.35,-7.33,-2.95,0.73,0.32,207.02,206.32
2019,2,25,99.5,3.82,4.88,0.17,2.56,-1.31,-6.1,-2.12,0.84,0.33,205.01,200.16
2019,2,26,99.12,3.52,4.38,0.13,3.42,1.32,-1.94,0.38,0.7,0.41,197.11,126.08
2019,2,27,99.26,6.55,7.7,0.02,2.14,-3.13,-7.74,-4.4,0.74,0.41,204.16,125.41
2019,2,28,99.04,3.27,3.86,0,1.89,-3.92,-8.88,-5.29,1.02,0.41,205.72,184.14
2019,3,1,98.81,2.11,3.13,0,2.81,-1.24,-4.42,-1.77,0.55,0.21,195.32,94.95
2019,3,2,99.35,5.97,7.28,0.02,2.2,-2.49,-7.1,-3.36,0.7,0.3,194.34,148.69
2019,3,3,99.69,7.95,9.64,3.64,1.16,-9.77,-14.53,-10.77,1.13,0.48,225.84,200.41
2019,3,4,99.69,4.98,6.52,0,0.98,-12.1,-15.88,-13.07,1.01,0.52,237.49,230.76
2019,3,5,99.69,5.73,7.75,0,1.28,-9.92,-13.04,-10.06,0.82,0.47,235.09,220.79
2019,3,6,99.55,3.44,5.32,0,2.01,-5.05,-8.33,-5.24,0.64,0.25,222.73,155.78
2019,3,7,98.74,5.91,8.15,0.04,3.42,0.89,-1.95,0.78,0.41,0.16,198.84,76.73
2019,3,8,98.26,4.21,5.88,0.55,4.39,3.26,1.56,2.7,0.5,0.18,212.22,93.01
2019,3,9,96.94,9.19,12.27,16.84,5.31,5.72,3.61,5.99,0.35,0.16,210.23,48.61
2019,3,10,99.03,4.07,5.66,0,2.99,1.03,-3.35,1.05,0.95,0.16,232.09,215.2
2019,3,11,99.51,2.74,4.43,0.09,3.66,4.48,-0.88,3.73,1.09,0.16,233.59,234.76
2019,3,12,98.57,6.21,9.16,14.2,6.41,7.23,6.83,7.65,0.27,0.15,205.45,42.38
2019,3,13,96.6,10.55,14.3,4.46,7.87,11.73,9.73,12.34,0.54,0.14,214.05,95.41
2019,3,14,96.96,11.6,15.16,0.14,4.39,4.72,1.42,4.98,0.28,0.14,238.66,40.82
2019,3,15,99.24,6.91,9.53,0,3.05,2.59,-3.13,2.73,1.18,0.16,253.87,238.22
2019,3,16,99.53,3.76,5.67,0,3.6,4.34,-1.13,5.1,1.13,0.15,245.84,242.87
2019,3,17,99.53,3.2,5.22,0,3.6,4.07,-0.99,3.4,1.05,0.16,247.65,229.29
2019,3,18,99.66,2.62,4.07,0,3.48,5.3,-1.31,4.94,1.15,0.16,253.05,243.47
2019,3,19,99.07,4.62,7.59,2.57,5.49,7.42,4.49,7.84,0.68,0.15,229.14,124.68
2019,3,20,98.72,5.56,7.93,0.09,4.94,7.46,3.42,7.07,0.89,0.16,246.07,189.77
2019,3,21,98.91,3.89,5.29,0,4.33,6.36,1.62,6.23,1.14,0.16,258.91,260.77
2019,3,22,98.91,3.05,4.98,0,4.82,8.74,2.85,8.74,1.2,0.16,256.71,246.53
2019,3,23,98.61,5.8,8.34,0.84,6.65,9.82,7.48,10.02,0.38,0.14,222.77,56.45
2019,3,24,98.31,5.23,7.49,0.11,7.26,11.79,8.87,11.31,0.58,0.16,239.73,85.09
2019,3,25,99.16,4.34,6.08,0.01,5.92,9.15,6.06,8.89,0.82,0.16,246.65,115.8
2019,3,26,99.5,2.47,4.3,0,5.31,9.69,4.4,8.67,1.24,0.16,253.87,218.95
2019,3,27,98.8,7.38,10.7,0,7.14,12.04,8.52,12.34,1.04,0.17,244.34,176.7
2019,3,28,98.39,4.23,6.05,16.89,9.58,14.58,12.96,14.87,0.17,0.15,227.38,33.38
2019,3,29,98.1,6.12,7.52,21.05,7.02,10.13,8.13,9.74,0.22,0.15,233.45,33.91
2019,3,30,98.79,7.9,10.56,4.27,3.54,3.21,-1.21,2.98,0.91,0.16,270.09,139.89
2019,3,31,99.66,3.05,4.41,0,2.62,2.23,-4.98,1.57,1.28,0.16,286.39,287.62
2019,4,1,99.05,4.67,7.46,0.04,3.6,5.09,-0.98,4.91,1.2,0.16,278.54,258.76
2019,4,2,98.66,3.86,5.5,0.08,4.82,7.72,2.98,7.37,1.06,0.16,273.51,228.1
2019,4,3,98.7,4.84,7.82,1.59,6.41,10.92,6.93,11.4,0.87,0.16,261.99,144.7
2019,4,4,98.5,2.93,4.39,4.2,7.93,12.16,10.31,11.71,0.54,0.15,258.17,74.91
2019,4,5,98.55,2.2,3.56,0.15,7.63,12.76,9.65,12.19,1.09,0.15,265.7,190.45
2019,4,6,98.14,5.23,7.84,7.94,9.46,15.78,12.62,15.64,1.51,0.14,269.3,242.53
2019,4,7,97.94,4.99,7.64,2.45,11.11,18.04,15.22,17.98,1.45,0.15,274.4,229.9
2019,4,8,98.17,2.34,3.8,0,8.24,16.33,10.78,16.79,1.49,0.16,291.05,292.44
2019,4,9,97.96,4.68,7.43,0,8.54,17.05,11.19,17.14,1.64,0.16,289.39,271.05
2019,4,10,96.68,8.11,11.8,0.08,10.56,18.6,14.19,19.26,1.38,0.16,268.29,199.88
2019,4,11,96.57,9.45,12.63,0,6.16,11.69,4.56,11.42,1.39,0.16,300.46,200.39
2019,4,12,98.08,7.44,10.37,0,3.42,5.78,-1.89,5.33,1.47,0.16,312.55,305.38
2019,4,13,98.58,4.46,6.61,0.28,3.91,6.32,-0.02,6.35,1.3,0.16,308.77,245.69
2019,4,14,97.92,4.85,6.47,0.18,4.27,7.69,1.34,7.54,-999,0.17,310.49,299.47
2019,4,15,97.89,6.1,9.61,0,7.26,13.44,8.24,13.72,1.59,0.16,300.22,280.73
2019,4,16,97.76,6.24,9.41,0,10.93,18.44,14.91,18.6,1.74,0.16,292.38,275.67
2019,4,17,97.4,6.98,9.78,9.04,12.21,19.6,16.54,19.69,1.08,0.15,282.58,131.59
2019,4,18,97.79,6.64,9.16,12.71,6.47,11.75,7.11,11.39,1.38,0.16,304.03,192.52
2019,4,19,98.34,6.05,8.38,0,5.37,10.41,4.58,10.37,1.8,0.16,321.94,319.63
2019,4,20,98.11,3.34,5.2,0,6.41,13.23,6.73,14.15,-999,0.16,314.73,304.88
2019,4,21,97.84,7.91,11.79,0,9.46,18.1,12.63,18.7,1.84,0.16,308.83,268.87
2019,4,22,98.18,6.26,8.84,0.16,10.93,18.79,14.91,18.77,1.54,0.15,299.37,216.09
2019,4,23,98.55,2.79,4.12,1.58,7.32,11.87,9.11,11.49,0.77,0.15,282.65,93.75
2019,4,24,97.99,1.77,2.84,0.22,8.85,15.49,11.83,14.46,1.24,0.16,298.82,164.41
2019,4,25,97.86,4.53,6.7,0.07,8.61,15.28,11.39,15.2,1.45,0.16,306.26,238.49
2019,4,26,98.56,3.95,6.23,0,5.86,14.48,5.69,14.3,-999,0.15,325.8,294.41
2019,4,27,97.66,8.72,11.64,0.51,7.02,13.82,7.94,13.53,1.53,0.15,314.02,225.01
2019,4,28,98.34,6.76,8.98,15.97,5.74,9.58,4.87,8.93,1.33,0.16,316.54,177.76
2019,4,29,98.2,5.84,7.91,8.25,9.46,16.3,12.79,15.8,1.32,0.16,297.02,168.05
2019,4,30,98.05,4.16,5.88,61.32,10.86,15.46,14.72,15.51,0.34,0.13,298.87,39.44
2019,5,1,98.18,3,4.12,12.38,9.52,16.26,12.81,15.36,1.05,0.14,317.48,117.76
2019,5,2,98.68,5.21,7.05,6.28,7.45,13.55,9.4,12.96,1.52,0.15,316.61,227.57
2019,5,3,98.49,3.04,4.69,0.67,7.87,12.49,10.14,12.27,0.9,0.14,303.23,125.1
2019,5,4,98.3,2.23,3.33,0,7.45,14.48,9.22,13.88,1.98,0.14,330.54,328.58
2019,5,5,98.02,4.17,6.66,0,8.85,16.27,11.73,16.41,1.78,0.14,325.35,307.17
2019,5,6,98.21,2.05,3.27,19.92,11.72,19.1,16.09,18.73,1.73,0.14,318.95,280.18
2019,5,7,98.38,3.84,5.51,18.69,12.27,18.44,16.85,18.33,0.66,0.14,302.15,80.74
2019,5,8,97.37,5.66,7.78,8.39,12.63,18.83,17.15,19.05,1.31,0.15,294.86,176.19
2019,5,9,98.24,5.23,6.91,0.79,5.74,10.23,5.4,9.21,1.02,0.14,339,114.86
2019,5,10,98.85,2.81,4.36,0.04,5.98,11.47,6.14,10.75,1.53,0.16,337.84,242.74
2019,5,11,98.27,2.71,4.19,4.56,7.02,11.9,8.4,11.22,0.76,0.13,318.62,98.25
2019,5,12,97.88,2.9,4.27,5.78,7.08,11.12,8.52,10.91,1.34,0.14,330.46,192.3
2019,5,13,98.31,1.92,3.2,0.05,7.26,14.29,8.82,13.02,1.83,0.15,339.93,331.21
2019,5,14,98.1,4.15,6.27,0.58,10.99,18.24,14.6,18.5,1.96,0.14,327.18,302.27
2019,5,15,98.09,2.75,4.61,0.21,13.06,20.95,17.77,21.15,1.82,0.15,327.1,270.05
2019,5,16,97.78,6.51,9.84,0,14.77,23.01,19.76,23.44,2.2,0.15,334.6,329.26
2019,5,17,97.56,7.34,10.44,0.19,14.65,23.27,19.59,23.43,2.19,0.15,336.16,298.09
2019,5,18,97.14,6.52,9.23,32.74,14.22,20.05,18.91,20.35,0.51,0.13,295.14,70.78
2019,5,19,97.78,4.79,6.95,0.89,8.79,16.08,11.61,15.83,1.66,0.15,346.83,211.31
2019,5,20,98.39,6.62,8.8,36.13,6.96,11.58,8.26,11.19,0.84,0.13,332.27,118.62
2019,5,21,96.85,9.09,12.29,47.01,10.74,15.51,14.33,15.82,0.55,0.13,318.35,77.55
2019,5,22,97.5,5.62,8.05,5.73,10.68,17.71,14.35,17.65,1.79,0.14,338.04,288.73
2019,5,23,98.49,2.88,4.46,0.44,11.72,19.81,15.87,19.77,1.88,0.14,327.73,253.46
2019,5,24,98.08,7.19,10.26,14.45,17.4,23.51,22.42,23.88,1.61,0.13,309.52,173.69
2019,5,25,98.21,6.1,8.88,22.21,16.48,23.16,21.58,23.3,1.71,0.13,323.16,187.45
2019,5,26,98.34,2.73,4.6,4.41,15.75,23.22,20.87,23.06,2.4,0.14,322.07,281.38
2019,5,27,97.66,6.7,9.62,1.17,16.78,23.58,21.76,23.73,1.5,0.14,319.98,179.88
2019,5,28,97.26,6.39,9.12,9.43,17.09,23.67,22.01,23.85,0.57,0.12,298.05,70.83
2019,5,29,97.48,3.83,5.84,1.67,14.1,21.55,18.85,21.19,1.33,0.15,336.14,162.41
2019,5,30,97.82,4.52,6.67,0.3,10.44,18.2,14.28,18.15,1.85,0.15,345.91,271.59
2019,5,31,98.21,2.12,3.23,0,11.35,20.43,15.6,20.57,1.64,0.13,317.12,278.54
2019,6,1,97.97,4.27,6.89,1.24,13.85,21.99,18.48,22.38,1.8,0.13,322.49,314.25
2019,6,2,98.36,3.3,5.21,0.02,10.5,19.55,14.47,19.55,1.9,0.14,325.49,325.23
2019,6,3,98.35,4.18,6.89,0.7,13.06,20.33,17.55,20.57,1.79,0.14,323.6,257.98
2019,6,4,97.93,4.61,6.94,0.49,16.78,23.65,21.79,23.69,2.02,0.16,332.44,274.1
2019,6,5,97.68,3.6,5.4,11.33,17.64,25.39,22.56,25.6,2.26,0.16,343.26,307.88
2019,6,6,97.78,2.53,4.16,1.4,15.62,22.62,20.64,22.81,1.85,0.16,343.56,237.21
2019,6,7,97.84,4,6.51,0,15.32,23.58,20.3,23.73,2.22,0.14,343.55,325.12
2019,6,8,98.01,2.93,4.55,0,13.24,22.68,18.05,22.82,-999,0.16,355,330.98
2019,6,9,98.52,4.94,6.74,0,12.7,20.7,17.35,21.11,1.79,0.16,340.23,233.64
2019,6,10,99.33,3.96,5.59,0,8.12,18.26,10.74,19.09,-999,0.16,369.98,366.17
2019,6,11,98.77,3.65,5.58,0.27,9.4,18.44,12.74,18.94,2.14,0.16,361.27,307.26
2019,6,12,98.33,4.27,6.63,8.12,10.25,17.83,14.04,17.81,1.82,0.15,342.52,283.7
2019,6,13,98.62,2.8,4.89,0,8.42,17.79,11.04,17.5,2.05,0.16,361.98,353.41
2019,6,14,98,6.88,10.02,6.61,12.21,19.44,16.48,19.73,1.37,0.15,332.55,190.72
2019,6,15,97.57,5.5,8.38,5.09,17.21,23.62,22.13,23.9,1.99,0.16,329.81,276.17
2019,6,16,97.79,1.88,3.01,0.85,14.04,24.07,18.87,24.31,2.16,0.16,346.48,304.86
2019,6,17,98.08,2.67,4.06,0.19,14.28,22.88,19.27,22.69,1.91,0.16,336.97,271.09
2019,6,18,98.02,1.7,2.73,1.53,14.16,22.86,19.08,22.38,1.69,0.15,330.14,225.93
2019,6,19,97.47,3.2,4.53,6.64,14.04,21.64,18.93,21.4,1.2,0.16,325.69,149.23
2019,6,20,97.6,2.78,4.54,0.51,14.28,23.12,19.12,22.98,2.05,0.16,345.05,292.1
2019,6,21,97.54,5.59,8.11,27.22,18.13,23.76,22.88,23.96,0.82,0.14,319.04,121.3
2019,6,22,97.88,4.62,7.33,40.46,19.04,24.73,23.87,25.04,1.81,0.16,322.41,222.17
2019,6,23,97.68,2.48,3.76,41.39,15.75,22.3,20.73,22.27,0.91,0.15,328.44,107.01
2019,6,24,97.81,4.7,7.09,0.29,11.96,20.29,16.4,20.25,2.59,0.15,357.89,351.1
2019,6,25,98.19,4.72,7.44,0.22,15.26,23.02,20.09,23.22,2.34,0.16,352.54,349.56
2019,6,26,98.56,3.12,5.4,0.18,17.76,24.19,22.81,24.39,1.57,0.16,336.46,217.88
2019,6,27,98.67,4.55,7.46,0,18.31,25.3,23.4,25.72,2.1,0.16,335.2,282.37
2019,6,28,98.57,4.65,7.53,0.02,19.35,26.11,24.25,26.57,2.26,0.16,334.38,304.84
2019,6,29,98.58,3.56,6.06,0.01,19.47,26.37,24.33,26.74,2.48,0.16,337.16,328.44
2019,6,30,98.53,2.95,4.86,0,17.7,25.98,22.77,26.15,2.6,0.16,348.7,344.35
2019,7,1,98.36,2.72,4.68,0,17.58,25.72,22.63,25.98,2.5,0.16,342.11,322.16
2019,7,2,98.1,3.16,5.44,0.03,17.94,25.13,22.93,25.37,2.54,0.16,337.07,318.88
2019,7,3,97.98,3.34,5.4,1.64,18.37,25.09,23.32,25.3,2.34,0.16,334.29,283.91
2019,7,4,98.15,2.39,3.75,31.68,18.43,24.68,23.36,24.75,1.27,0.16,324.95,140.87
2019,7,5,98.43,1.86,2.99,23.08,18.98,25.37,23.93,25.45,1.38,0.16,321.49,152.84
2019,7,6,98.54,2.37,3.9,2.08,18.07,25.41,23.12,25.4,2.12,0.15,322.04,269.27
2019,7,7,98.42,2.4,3.82,0.25,17.64,25.83,22.72,25.59,2.45,0.16,331.87,310.53
2019,7,8,98.26,3.05,5.1,0.07,17.27,25.3,22.3,25.37,2.35,0.16,326.71,295.66
2019,7,9,98.08,3.52,5.79,1.1,19.65,25.97,24.39,26.3,2.6,0.16,326.51,309.08
2019,7,10,98.43,3.03,5.45,7.8,18.25,25.05,23.11,25.54,1.92,0.16,340.36,237.11
2019,7,11,98.47,3.66,5.41,0.03,14.59,23.44,19.64,23.45,2.38,0.16,342.26,325.49
2019,7,12,98.3,1.83,2.52,0.07,15.26,24.54,20.33,24.83,2.48,0.17,345.38,339.61
2019,7,13,98.42,1.84,2.96,0,15.81,25.61,20.9,25.93,2.52,0.16,339.69,334.41
2019,7,14,98.47,2.98,4.68,0,17.58,25.78,22.62,25.83,2.35,0.17,336.24,320.5
2019,7,15,98.23,3.27,5.02,0.01,15.93,24.27,21.03,23.97,2.16,0.15,328.59,288.96
2019,7,16,98.05,1.52,2.32,0,16.91,25.8,21.92,25.55,2.24,0.16,325.98,287.54
2019,7,17,98.03,5.04,8.1,0.03,19.1,25.69,23.93,26.16,1.85,0.16,320.47,238.7
2019,7,18,97.82,6.8,9.82,0,20.63,27.69,25.17,28.08,2.57,0.16,329.73,316.38
2019,7,19,97.84,5.88,8.8,0,20.45,27.69,25.03,28.09,2.67,0.16,334.14,329.51
2019,7,20,97.89,5.61,8.62,26.76,20.51,27.78,25.08,28.16,2.66,0.16,335.31,332.05
2019,7,21,98.22,3.38,5,15.2,18.37,25.8,23.37,25.61,1.62,0.16,313.98,171.15
2019,7,22,98.73,5.49,8.02,5.38,13.85,22.55,18.87,22.59,2.41,0.15,332.44,321.85
2019,7,23,99.04,2.84,4.22,0,11.29,20.61,15.75,20.87,2.23,0.15,342.12,326.82
2019,7,24,98.96,1.3,1.79,0,11.47,21.92,15.87,22.76,2.09,0.15,329.49,305.83
2019,7,25,98.8,2.99,4.73,0,12.76,21.77,17.56,22.37,1.56,0.16,324.3,215.4
2019,7,26,98.8,4.48,7.41,0,13.85,23.05,18.88,23.39,2.37,0.16,323.59,313.58
2019,7,27,98.78,4.03,6.73,0,14.65,23.3,19.73,23.63,2.3,0.16,324.09,313.3
2019,7,28,98.38,5.2,8.16,4.47,16.48,24.93,21.55,25.22,2.2,0.16,319.23,282.1
2019,7,29,98.24,3.98,5.72,3.76,15.99,24.76,21.04,25.07,2.38,0.16,327.66,318.11
2019,7,30,98.58,2.43,4.04,0.23,13.92,22.69,18.9,22.96,2.38,0.16,324.6,316.73
2019,7,31,98.73,3.08,5.03,3.09,13.85,21.55,18.9,21.67,1.42,0.15,302.65,159.35
2019,8,1,98.69,3.62,5.5,14.82,15.2,23.39,20.29,23.32,2.17,0.15,305.24,253.87
2019,8,2,98.59,3.88,6.05,2.24,13.55,21.35,18.45,21.57,1.35,0.15,300.85,156.93
2019,8,3,98.46,2.3,3.66,0.29,13.61,22.83,18.52,23.17,2.24,0.14,304.59,289.84
2019,8,4,98.49,2.58,4.13,0,14.71,24.09,19.79,24.17,2.26,0.16,316.79,300.67
2019,8,5,98.28,2.19,3.71,0,15.44,24.75,20.42,24.84,1.74,0.16,303.23,224.19
2019,8,6,98.06,3.59,5.53,0.15,16.6,25.42,21.64,25.58,2.34,0.17,312.64,312.32
2019,8,7,98.01,2.07,2.95,9.56,16.72,23.78,21.7,23.98,1.67,0.15,299.06,206.91
2019,8,8,98.1,1.21,1.64,1.67,17.52,24.41,22.52,25.15,1.93,0.16,300.76,245.8
2019,8,9,98.22,2.43,3.73,0,16.72,25.16,21.77,25.3,2.12,0.16,304.98,274.29
2019,8,10,98.12,2.59,4.08,0.38,18.25,25.92,23.07,26.03,1.94,0.16,289.97,249.2
2019,8,11,98.12,2.77,4.27,6.68,19.59,25.62,24.41,25.92,1.24,0.14,279.73,145.71
2019,8,12,97.76,4.23,6.65,3.43,20.39,27.49,24.99,27.68,2.18,0.16,294.48,275.17
2019,8,13,98.22,3.39,5.13,0.22,17.09,25.65,22.1,26.05,2.23,0.16,309.22,296.92
2019,8,14,98.6,3.43,5.2,0,13.55,22.6,18.5,22.87,2.19,0.16,306.98,300.95
2019,8,15,98.42,2.15,3.2,7.97,13.92,22.65,18.8,22.7,1.14,0.16,301.5,156.34
2019,8,16,98,4.15,6.46,38.21,17.21,23.7,22.19,23.89,1.41,0.16,278.9,185.84
2019,8,17,97.8,4.39,6.97,13.26,17.58,23.92,22.53,24.26,1.95,0.16,288.09,264.7
2019,8,18,97.87,3.85,5.5,2.96,17.82,25.52,22.8,26.05,2.05,0.16,287.95,259.82
2019,8,19,98.24,1.8,3.18,0.02,19.65,27.76,24.4,27.83,2.03,0.16,282.96,278.41
2019,8,20,98.26,3.5,6.23,2.04,19.84,26.55,24.62,27.08,1.07,0.15,279.59,140.43
2019,8,21,98.3,2.17,3.67,8.29,19.1,25.55,23.99,25.66,1.02,0.15,266.85,107.55
2019,8,22,98.32,3.86,5.71,3.73,13.67,21.95,18.61,21.93,1.53,0.16,277.27,185.98
2019,8,23,98.48,4.7,7.03,0.54,14.16,22.66,19.17,22.63,1.8,0.15,269.49,249.83
2019,8,24,98.58,5.62,8.01,0.2,12.57,20.5,17.33,20.58,1.37,0.14,259.27,174.22
2019,8,25,97.96,3.73,5.25,27.1,14.65,20.83,19.53,20.76,0.41,0.15,241.75,48.64
2019,8,26,97.61,2.66,3.76,21.41,16.6,23.12,21.32,22.94,0.55,0.15,257.59,68.06
2019,8,27,98.37,3.95,6.48,0.38,12.21,20.77,16.82,20.9,1.95,0.16,292.83,288.86
2019,8,28,98.63,3.09,5.17,0,12.27,21.3,16.87,21.48,1.91,0.17,287.49,288.04
2019,8,29,98.33,4.23,7.06,22.96,16.97,23.85,21.68,24.05,1.83,0.16,272.77,264.25
2019,8,30,98.65,4.38,6.73,28.5,13.92,21.15,18.76,21.26,1.6,0.15,266.59,223.85
2019,8,31,98.82,3.03,4.6,0.16,12.45,19.58,17.11,19.38,1.3,0.16,258.23,180.78
2019,9,1,98.76,1.31,2.1,0.06,13.43,21.95,18.36,21.47,1.34,0.15,260.21,187.88
2019,9,2,98.59,2.9,4.6,0,15.56,23.49,20.63,23.67,1.74,0.16,264.07,248.15
2019,9,3,98.22,4.3,6.49,0,18.25,25.72,23.16,26.03,1.67,0.14,262.08,223.54
2019,9,4,98.78,3.2,4.87,0,12.94,22.17,17.72,21.96,1.73,0.16,265.17,254.27
2019,9,5,98.57,3.88,6.53,0,15.01,23.44,19.93,23.65,1.76,0.16,257.05,253.6
2019,9,6,98.49,3.83,6.31,0,14.59,22.94,19.67,23.1,1.74,0.16,256.6,254.26
2019,9,7,98.36,3.52,5.88,0.63,13.49,21.94,18.3,21.96,1.69,0.16,259.34,238.48
2019,9,8,98.09,3.5,5.57,15.85,17.4,24.2,22.39,24.15,1.34,0.15,240.3,169.79
2019,9,9,98.26,4.72,7.77,0.04,16.78,24.83,21.88,25.3,1.59,0.16,250.39,223.55
2019,9,10,98.47,4.84,7.7,0.01,17.03,24.27,22.1,24.7,1.43,0.15,245.83,180.63
2019,9,11,98.52,5.57,8.52,0,16.97,25.1,22.08,25.43,1.71,0.16,247.03,247.7
2019,9,12,98.4,6.08,8.75,10.03,17.4,24.67,22.43,24.86,0.74,0.14,243.14,88.09
2019,9,13,98.99,3.09,4.87,0.24,11.05,19.76,15.3,19.87,1.67,0.16,263.3,248.02
2019,9,14,98.83,4.39,7.1,0.49,13.85,21.99,18.58,22.3,1.55,0.16,248.29,241.28
2019,9,15,98.49,5.23,8.03,0.08,16.97,24.72,22.06,25.07,1.48,0.16,238.83,238.91
2019,9,16,98.55,3.04,5.01,0,16.42,25.14,21.5,25.74,1.36,0.15,237.35,205.06
2019,9,17,98.41,3.23,5.41,0,15.81,24.49,20.88,25.13,1.52,0.13,234.3,214.39
2019,9,18,98.29,3.28,5.38,0,16.36,24.76,21.4,25.38,1.64,0.16,235.35,229.36
2019,9,19,98.34,2.98,4.8,0.15,15.99,24.81,21.05,25.44,1.45,0.15,224.81,193.88
2019,9,20,98.38,5.1,7.82,0.27,15.2,23.65,20.32,23.87,1.41,0.14,223.24,184.7
2019,9,21,98.23,7.14,9.95,22.08,16.78,22.92,21.88,23.15,0.46,0.14,212.92,54.59
2019,9,22,98.06,5.21,7.69,38.51,15.01,21.09,19.88,21.41,0.75,0.15,215.98,91.06
2019,9,23,98.61,2.12,3.37,0.06,11.29,18.82,15.62,19.37,1.49,0.16,241.74,242.22
2019,9,24,98.01,4.72,7.23,0.17,12.94,19.64,17.39,19.77,1.36,0.14,226.2,181.33
2019,9,25,97.88,4.08,6.37,0.54,13,21.85,17.55,22.04,1.52,0.15,231.24,229.59
2019,9,26,98.19,3.73,6.08,0.11,9.83,18.28,13.3,18.29,1.41,0.16,232.53,232.65
2019,9,27,97.31,6.77,9.87,8.8,17.03,23.74,21.83,24.12,1.26,0.16,219.08,199.38
2019,9,28,98.15,3.48,4.88,42.82,15.2,21.37,20.08,21.15,0.45,0.14,206.58,54.09
2019,9,29,98.29,5.67,8.46,2.04,17.21,24.29,22.29,24.54,0.98,0.14,208.25,133.16
2019,9,30,98.21,6.48,9.48,0.01,16.42,24.37,21.55,24.73,1.22,0.15,206.85,174.91
2019,10,1,98.03,6.2,9.12,0.55,16.97,24.42,22.01,24.77,1.34,0.16,207.21,197.75
2019,10,2,98.11,4.07,5.71,15.69,15.38,22.52,20.23,22.58,0.9,0.15,202.44,101.28
2019,10,3,99.1,4.43,6.21,0.9,7.32,13.17,9.21,12.69,0.85,0.15,214.8,100.65
2019,10,4,99.21,4.79,6.95,0.4,7.08,12.9,8.69,12.73,0.93,0.15,202.61,102.58
2019,10,5,98.29,5.45,8.58,3.95,9.52,15.22,12.72,15.76,0.57,0.14,187.27,74.77
2019,10,6,98.95,2.78,4.29,0.08,7.14,12.81,8.72,13.47,0.62,0.14,206.34,89.76
2019,10,7,99.18,1.96,3.27,0,6.16,12.98,6.68,13.78,1.08,0.16,217.85,220.27
2019,10,8,98.69,4.32,7.21,0,6.84,12.67,7.98,13.3,-999,0.18,212.89,202.44
2019,10,9,98.15,6.01,9.05,9.46,8.24,13.26,10.74,13.62,0.42,0.14,195.57,61.98
2019,10,10,97.76,7.92,10.88,8.22,10.74,15.96,13.59,16.17,0.32,0.14,171.84,48.38
2019,10,11,98.9,6.41,9.14,0.04,3.42,4.69,-1.63,4.51,0.88,0.16,214.53,179.72
2019,10,12,98.47,6.06,9.17,0,4.46,7.15,1.54,7.44,-999,0.17,208.53,198
2019,10,13,98.27,2.82,4.23,0,5.37,9.15,4.44,9.65,-999,0.16,203.55,185.5
2019,10,14,98.25,3.79,6.13,0,6.77,11.31,7.46,12.69,0.91,0.16,200.18,202.48
2019,10,15,98.25,6.12,9.43,0.46,7.08,12.19,8.02,12.58,0.85,0.15,184.37,176.1
2019,10,16,98.86,3,4.56,0,4.88,7.61,3.36,8,0.7,0.15,197.15,136.51
2019,10,17,98.3,4.03,6.71,0,6.47,10.29,6.96,10.61,0.87,0.16,191.95,193.88
2019,10,18,97.69,6.61,10.02,0,7.51,12.71,9.24,13.13,0.95,0.16,191.67,193.16
2019,10,19,97.65,2.91,4.51,4.23,8.42,12.64,10.98,13.26,0.59,0.14,168.9,104.67
2019,10,20,97.56,4.59,6.99,7.37,8.85,12.79,11.62,13.28,0.74,0.15,181.12,159.84
2019,10,21,97.12,8.2,11.5,3.6,5.8,10,5.28,10.25,0.47,0.16,186.55,97.26
2019,10,22,98.25,6.6,9.95,0,4.82,7.9,3.01,8.25,0.71,0.16,186.18,188.4
2019,10,23,98.2,6.09,9.38,0,6.53,10.9,7.2,11.31,0.68,0.15,176.47,133.84
2019,10,24,99.43,4.09,6.02,1.26,4.82,6.05,3.22,6,0.47,0.14,175.38,78.62
2019,10,25,99.31,3.05,5.11,0.36,4.58,6.2,2.52,6.05,0.73,0.16,176.98,176.7
2019,10,26,97.86,2.67,4.57,0.01,5.19,6.79,3.69,7.01,0.68,0.16,167.36,155.2
2019,10,27,98.2,3.72,5.4,0.01,5.98,9.3,6.01,8.67,0.74,0.16,171.8,169.33
2019,10,28,98.66,4.69,5.91,6.15,4.15,3.8,0.96,3.44,0.26,0.14,159.45,39.73
2019,10,29,99.16,3.77,4.92,3.95,3.42,1.46,-1.52,0.73,0.28,0.15,161.84,45.57
2019,10,30,99.03,6.23,8.28,4.6,3.42,0.22,-1.69,0.16,0.18,0.14,152.54,30.66
2019,10,31,99.11,4.84,7.3,0.17,2.56,-1.26,-5.35,-1.11,0.62,0.19,174.01,174.16
2019,11,1,99.13,4.32,6.93,0.08,3.6,1.6,-1.12,1.94,0.54,0.16,164.52,142.88
2019,11,2,99.37,4.48,7.1,0,3.66,2.58,-0.74,2.99,0.55,0.18,167.02,168.87
2019,11,3,98.54,5.91,9.13,0,4.76,6.4,2.58,6.85,0.55,0.18,158.75,136.52
2019,11,4,98.68,3.7,5.77,0,5.37,6.97,4.55,7.17,0.36,0.16,149,70.53
2019,11,5,99.34,1.89,3.03,0,4.76,5.89,2.92,6.81,0.51,0.16,153.26,136.52
2019,11,6,99.11,5.05,7.41,0,5.92,8.58,5.65,8.48,0.49,0.16,141.04,142.81
2019,11,7,100.05,5.27,6.95,0,2.26,-0.72,-6.92,-1.11,0.55,0.2,160.29,162.5
2019,11,8,99.63,3.94,6.09,0,2.5,-0.32,-5.73,-0.5,0.55,0.18,157.97,152.11
2019,11,9,98.43,4.92,7.5,0,5.37,6.61,3.93,6.71,0.54,0.17,144.59,140.61
2019,11,10,98.33,5,6.84,0.13,5.98,8.51,6.04,8.25,0.51,0.17,140.72,140.26
2019,11,11,99.81,8.88,11.41,2.1,2.01,-3.97,-8.71,-4.17,0.3,0.17,144.78,69.41
2019,11,12,100.06,4.23,5.35,0,1.4,-5.53,-12.5,-6.95,0.39,0.18,154.45,137.22
2019,11,13,98.65,5.82,8.62,0.01,2.56,-2.14,-5.38,-1.67,0.22,0.16,141.04,56.24
2019,11,14,99.35,3.08,4.7,0,3.05,-0.35,-3.1,0.75,0.39,0.19,143.57,145.76
2019,11,15,99.52,2.64,4.51,0,3.3,0.78,-2.11,1.9,0.4,0.18,142.36,142.17
2019,11,16,98.91,4.42,7.84,0,3.72,2.61,-0.63,3.23,0.38,0.18,135.9,132.45
2019,11,17,98.28,4.34,6.75,0.02,4.94,4.89,3.32,5.89,0.2,0.16,122.39,50.46
2019,11,18,97.64,3.98,6.35,0.12,5.25,4.48,3.86,5.82,0.27,0.16,128.2,79.72
2019,11,19,98.08,3.58,6.13,0.08,5.49,7.82,4.76,8.67,0.38,0.19,134.16,135.12
2019,11,20,98,7.48,11.17,6.01,7.08,10.48,8.1,11.13,0.27,0.16,125.41,70.61
2019,11,21,98.35,6.8,9.14,1.62,5.62,7.59,4.39,7.49,0.18,0.16,127.24,39.77
2019,11,22,98.9,3.7,5.15,0.18,3.05,1.62,-3.12,1.23,0.2,0.16,123.89,48.63
2019,11,23,98.21,3.66,5.95,0.02,3.42,1.27,-1.85,1.35,0.34,0.17,128.08,125.51
2019,11,24,97.68,4.15,6.79,0.01,5.07,5.48,3.36,5.77,0.35,0.17,127.48,127.18
2019,11,25,97.27,4.4,7.05,0,5.25,6.38,3.99,6.65,0.35,0.19,125.86,124.87
2019,11,26,96.71,6.56,9.3,0.88,5.62,5.93,4.45,6.29,0.1,0.14,109.87,24.45
2019,11,27,98.77,7.06,9.67,0.06,3.17,1.05,-2.73,1.05,0.27,0.16,129.41,87.45
2019,11,28,99.72,3.3,4.77,3.09,3.23,-0.7,-2.34,-0.73,0.1,0.14,116.08,26.04
2019,11,29,98.74,3.95,5.27,16.34,4.46,2.8,1.94,2.73,0.12,0.15,110.68,28.38
2019,11,30,96.84,7.15,10.41,0.28,5,6.53,3.12,7.01,0.3,0.16,122.03,118.74
2019,12,1,97.75,10.22,13.55,0.31,2.99,0.18,-3.45,0.36,0.12,0.18,118.36,46.92
2019,12,2,98.88,3.44,5.32,0,2.69,-1.11,-4.65,-0.86,0.24,0.2,124.32,124.38
2019,12,3,98.07,4.13,7.02,0,4.09,2.79,0.57,3.21,0.3,0.19,118.88,118.68
2019,12,4,98.22,3.83,5.51,0,4.7,4.05,2.65,5.42,0.28,0.2,118.09,117.19
2019,12,5,98.15,2.57,3.93,0,5.68,5.1,5.14,7.37,0.27,0.17,111.84,104.17
2019,12,6,99.37,5.48,7.56,0,3.3,1.09,-2.27,1.25,0.27,0.19,119.14,115.71
2019,12,7,99.15,3.91,6.51,0,3.3,0.91,-2.27,1.27,0.26,0.19,116.32,117.22
2019,12,8,97.75,4.61,7.15,0,5.74,5.37,5.18,5.69,0.12,0.17,107.88,39.1
2019,12,9,97.83,6.34,8.81,0,3.78,0.7,-2.18,0.65,0.2,0.19,109.05,83.91
2019,12,10,99.35,3.72,5.23,0.1,2.2,-2.55,-7.26,-2.78,0.24,0.2,118.52,117.74
2019,12,11,99.5,4.27,6.78,0,3.05,0.05,-3.23,0.42,0.22,0.2,113.73,115.7
2019,12,12,98.74,6.78,10.22,0,4.27,4.23,1.33,4.92,0.16,0.19,111.62,59.03
2019,12,13,97.9,3.14,4.95,0.72,5.13,4.11,3.85,4.59,0.2,0.23,108.66,77.02
2019,12,14,98.18,5.34,6.91,0.28,2.81,-0.96,-4.45,-1.46,0.15,0.18,115.54,58.12
2019,12,15,98.47,4.34,5.45,7.82,2.5,-3.13,-5.62,-3.5,0.05,0.16,107.12,17.25
2019,12,16,98.9,4.66,6.09,1.81,2.44,-3.77,-5.77,-4.06,0.1,0.17,107.85,36.27
2019,12,17,99.29,4.2,5.99,0.05,2.44,-4.45,-5.96,-4.3,0.2,0.3,117.54,94.08
2019,12,18,99.34,3.4,5.3,0,2.69,-3.53,-4.64,-3,0.22,0.32,114.61,111.76
2019,12,19,99.11,5.64,9.33,0,3.54,-0.02,-1.24,0.87,0.22,0.25,116.92,106.89
2019,12,20,99.35,4.84,8.39,0,3.85,0.18,0.1,1.05,0.19,0.23,106.77,69.66
2019,12,21,99.43,3.91,6.8,0,4.52,1.39,2.06,2.08,0.22,0.2,106.15,108.09
2019,12,22,99.09,4.48,6.09,0,4.27,2.05,1.33,1.94,0.21,0.19,110.22,103.99
2019,12,23,98.61,4.48,6.84,0,5.07,4.63,3.57,4.93,0.24,0.2,110.3,106.27
2019,12,24,98.08,6.38,9.91,0,6.1,7,6.15,7.74,0.21,0.2,113.48,75.15
2019,12,25,97.67,7.38,10.62,0,7.32,10.94,8.98,11.48,0.27,0.2,108.2,94.5
2019,12,26,98.52,3.84,5.67,0,4.94,4.31,2.91,4.28,0.11,0.19,104.18,33.71
2019,12,27,99.03,3.56,5.42,0.06,3.6,0.8,-0.92,0.84,0.21,0.17,104.7,81.66
2019,12,28,97.5,6.83,9.75,33.38,8.24,10.45,10.52,10.94,0.06,0.16,101.67,20
2019,12,29,97.06,7.51,9.93,1.7,4.33,4.07,0.95,4.05,0.11,0.19,114.75,36.23
2019,12,30,97.76,8.57,11.56,0.38,2.69,-1.12,-4.78,-0.88,0.09,0.19,113.53,34.89
2019,12,31,98.32,5.66,8.48,0,2.75,-1.32,-4.56,-0.82,0.2,0.19,115.7,104.02
2020,1,1,97.34,7.5,10.94,0,3.91,2.33,-0.31,3,0.23,0.19,117.18,117.76
2020,1,2,97.12,4.38,6.41,0,4.94,3.55,3.1,4.15,0.2,0.18,108.37,80.83
2020,1,3,98.16,4.93,7.02,0,3.66,2.11,-0.89,2.14,0.22,0.2,115.25,106.18
2020,1,4,98.96,5.21,7.66,0,2.69,-0.74,-4.81,-0.59,0.23,0.2,121.22,123.15
2020,1,5,98.94,6.01,9.03,0,3.42,1.53,-1.72,2.3,0.26,0.2,119.45,121.47
2020,1,6,98.94,2.62,4.12,0,3.05,-0.68,-3.07,0.45,0.2,0.2,119.45,73.88
2020,1,7,99.03,4.99,8.08,0,3.3,0.61,-2.17,1.31,0.23,0.21,120.84,113.61
2020,1,8,98.84,6.92,10.36,0,3.66,2.51,-1.08,3.1,0.23,0.2,119.95,116.86
2020,1,9,97.88,8.56,11.94,2.03,6.9,9.64,7.86,10.56,0.2,0.2,112.1,80.59
2020,1,10,98.18,6.52,8.02,26.83,4.46,2.64,1.47,2.62,0.04,0.16,103.39,15.02
2020,1,11,98.51,6.02,7.57,6.87,1.71,-9.4,-9.99,-8.49,0.12,0.19,114.66,46.78
2020,1,12,98.84,4.05,5.98,0.16,2.32,-7.27,-7.29,-6.62,0.09,0.18,120.8,29.37
2020,1,13,98.74,4.84,7.16,0.04,3.54,-1.3,-1.51,-1,0.14,0.19,119.38,50.35
2020,1,14,98.64,3.46,6.09,0.18,4.94,3.56,3.3,3.97,0.22,0.18,121.11,101.16
2020,1,15,98.93,5.84,8.18,0.12,4.33,1.8,0.66,2,0.14,0.2,114.64,45.98
2020,1,16,100.64,5.78,6.91,0,1.53,-5.75,-11.23,-6.67,0.26,0.2,129.54,103.52
2020,1,17,99.08,8.06,10.45,12.59,3.17,-1.19,-2.81,-1.1,0.07,0.17,109.4,18.58
2020,1,18,98.96,8.17,11.25,0.47,2.56,-3,-5.98,-2.7,0.3,0.19,135.23,127.07
2020,1,19,100.22,5.41,7.12,0,1.16,-10.95,-14.37,-11.02,0.32,0.19,137.09,135.91
2020,1,20,100.5,3.55,4.29,1.57,1.16,-11.27,-14.09,-11.47,0.23,0.2,134.75,87.28
2020,1,21,99.91,4.62,6.02,0,1.95,-8.04,-9.11,-7.6,0.25,0.2,139.19,95.13
2020,1,22,98.46,6.4,8.59,6.4,3.54,-0.51,-1.29,-0.31,0.13,0.16,121.93,32.45
2020,1,23,98.03,3.1,4.6,5.52,3.91,0.35,0.12,0.63,0.1,0.16,120.61,30.13
2020,1,24,98.3,6.04,8.48,4.65,3.3,-1.41,-2.11,-1.06,0.14,0.17,133.77,49.07
2020,1,25,98.64,2.62,4.01,0.04,2.93,-2.99,-3.76,-2.13,0.16,0.18,141.84,52.43
2020,1,26,98.35,1.82,2.55,0,3.42,-2.82,-1.68,-1.29,0.16,0.2,133.88,54.06
2020,1,27,98.49,3.23,5.03,0,3.48,-0.64,-1.48,-0.55,0.2,0.25,140.51,69.59
2020,1,28,98.72,3.82,5.1,0.49,3.17,-0.84,-2.64,-1.13,0.2,0.2,141.61,52.12
2020,1,29,98.92,2.75,3.7,1.45,2.99,-1.23,-3.4,-1.7,0.23,0.22,143.12,68.96
2020,1,30,98.87,2.17,3.29,0.01,3.17,-1.42,-2.63,-1.06,0.25,0.2,146.14,73.95
2020,1,31,98.59,3.6,5.89,0.01,3.6,-0.42,-1.06,0.15,0.16,0.2,145.81,44.59
2020,2,1,98.38,4.37,7.08,0,3.85,1.68,-0.21,2.05,0.38,0.21,151.23,149.36
2020,2,2,97.65,4.33,5.97,0,5.37,4.18,4.09,5.38,0.38,0.18,148.99,143.47
2020,2,3,97.16,5.81,8.36,0.01,5.8,6.29,5.26,6.83,0.34,0.19,149.47,101.66
2020,2,4,98.4,7.26,9.33,0.3,2.75,-0.2,-4.41,-0.4,0.23,0.16,139.86,57.25
2020,2,5,98.31,5.43,6.81,0.96,2.56,-2.43,-5.35,-2.71,0.15,0.16,148.85,38.47
2020,2,6,97.48,2.27,3.23,0,2.2,-1.95,-7.42,-2.12,0.42,0.2,165.95,167.9
2020,2,7,97.87,3.91,5.8,0,2.81,-1.84,-4.44,-1.81,0.26,0.18,158.32,68.34
2020,2,8,98.86,3.2,5.13,0,2.56,-2,-5.38,-2.29,0.45,0.2,167.47,167.12
2020,2,9,98.26,7.37,10.48,0.38,4.39,2.26,1.29,2.94,0.35,0.19,152.16,95.11
2020,2,10,98.92,2.88,3.91,0,2.99,0.4,-3.38,0.08,0.54,0.26,166.8,163.82
2020,2,11,99.1,3.21,4.77,0,2.87,0.55,-3.79,1.2,0.55,0.34,172.11,162.09
2020,2,12,98.22,3.13,4.99,8.68,3.48,-0.37,-1.62,-0.2,0.16,0.16,160.17,37.2
2020,2,13,99.69,6.65,8.09,0.04,0.98,-10.97,-16.48,-11.78,0.5,0.31,187.77,175.65
2020,2,14,99.79,4.21,5.67,0,1.46,-8.99,-12.35,-9.07,0.49,0.41,187.14,172.78
2020,2,15,98.68,4.73,6.43,0,3.48,-0.89,-1.61,1.08,0.49,0.27,171.21,139.52
2020,2,16,98.51,3.05,4.8,0,4.09,1.39,0.77,2.68,0.55,0.2,176.8,175.87
2020,2,17,97.94,3.72,5.82,0.16,5.43,4.31,4.37,5.01,0.45,0.19,160.45,113.74
2020,2,18,99.37,5.23,7.07,0,2.87,0.17,-3.95,0.05,0.66,0.2,190.09,189.2
2020,2,19,100.09,4.63,6.7,0.1,2.81,-0.44,-4.09,-0.63,0.5,0.2,187.28,125.64
2020,2,20,100.71,5.07,6.29,0.08,1.89,-2.82,-8.91,-3.83,0.68,0.2,199.78,201.88
2020,2,21,100.17,4.62,6.72,0,2.26,-1.41,-6.65,-1.71,0.72,0.21,203.16,204.84
2020,2,22,98.99,6.35,9.58,0,3.6,2.05,-1.01,2.44,0.63,0.2,191.19,162.46
2020,2,23,98.27,3.77,5.84,3.38,5.74,6.07,5.28,6.5,0.65,0.18,183.69,147.86
2020,2,24,97.53,7.02,9.44,11.33,4.94,4.23,3.23,4.4,0.36,0.18,178.67,59.77
2020,2,25,98.4,5.6,7.84,0.51,3.66,2.41,-0.79,2.21,0.59,0.19,192.43,129.27
2020,2,26,99.33,6.06,7.98,0.14,2.62,-0.85,-5.14,-0.77,0.66,0.19,205.34,190.22
2020,2,27,98.91,4.44,6.58,0.04,2.93,0.4,-3.8,0.52,0.55,0.2,202.04,130.44
2020,2,28,98.93,4.76,7.14,0.01,3.6,2.01,-1.09,2.32,-999,0.17,204.09,175.23
2020,2,29,98.66,5.38,8.16,0,4.46,5.32,1.4,5.41,-999,0.16,206.75,196.85
2020,3,1,97.61,5.94,8.54,0,7.45,10.67,9.05,11.09,0.66,0.16,197.17,147.73
2020,3,2,97.82,4.04,5.23,0,4.09,4.65,0.52,4.87,0.77,0.16,204.72,169.03
2020,3,3,97.79,4.66,7.44,0,4.46,6.64,1.74,6.98,0.79,0.18,220.59,221.93
2020,3,4,98.45,3.49,5.85,0,4.64,7.86,2.52,8.07,0.84,0.17,223.04,191.12
2020,3,5,99,7.89,11.42,0,3.78,6.47,-0.33,6.82,0.92,0.19,225.89,226.98
2020,3,6,99.95,3.38,5.56,0,3.17,4.23,-2.48,3.73,0.89,0.19,232.24,234.35
2020,3,7,99.35,7.07,10.6,0,4.7,7.76,2.43,8.22,0.94,0.17,229.96,206.02
2020,3,8,98.7,9.86,13.32,0.73,6.23,11.3,6.62,11.55,1.02,0.17,219.16,217.82
2020,3,9,98.31,8.45,11.08,35.87,7.02,9.17,7.7,9.36,0.22,0.14,215.2,28.91
2020,3,10,99.14,2.52,3.84,0.05,4.46,6.56,1.81,5.33,0.91,0.15,222.84,193.91
2020,3,11,98.36,2.16,3.25,1.16,6.23,10.49,6.69,10.75,0.95,0.14,229.45,227.93
2020,3,12,97.69,5.77,8.61,1.82,6.96,10.54,7.82,10.83,0.57,0.14,211.33,109.73
2020,3,13,99.4,4.17,6.55,0.18,3.42,5.23,-1.59,5,0.44,0.14,237.03,67.59
2020,3,14,99.56,6.59,8.98,13.92,3.85,3.26,0.12,3.12,0.36,0.13,229.3,51.35
2020,3,15,100.01,4.15,5.74,0.25,3.78,3.12,-0.19,2.33,0.45,0.14,239.44,57.18
2020,3,16,99.16,1.7,2.52,3.93,5,6.09,3.55,5.09,0.47,0.14,230.16,64.75
2020,3,17,99.14,3.71,5.34,0.26,5.43,7.52,4.85,6.9,0.66,0.15,231.82,107.77
2020,3,18,98.19,2.86,4.64,13.88,8.67,13.76,11.25,12.86,0.66,0.14,232.76,88.31
2020,3,19,97.55,7.21,10.67,14.85,11.78,17.91,16.02,18.4,0.89,0.14,226.43,151.26
2020,3,20,99.54,8.01,10.39,0.03,3.05,3.26,-3.64,2.42,1.16,0.15,257.73,247.55
2020,3,21,99.86,2.74,4.43,0,3.05,3.13,-3.17,1.69,1.13,0.15,255.68,252.59
2020,3,22,98.91,4.06,5.55,9.3,4.76,4.21,2.87,4.05,0.33,0.13,240.84,43.85
2020,3,23,98.72,2.93,3.96,0.29,5.68,7.58,5.3,6.78,0.46,0.14,241.93,78.95
2020,3,24,98.19,4.44,5.88,1.45,6.16,8.98,6.53,8.22,0.88,0.14,231.12,137.97
2020,3,25,97.79,5.11,7.3,0.53,8.06,12.22,9.96,11.83,1.04,0.15,258.14,172.01
2020,3,26,97.33,3.6,5.38,6.68,9.58,14.94,12.9,14.6,0.96,0.15,248.04,117.21
2020,3,27,97.21,2.28,3.09,8.87,10.01,14.99,13.43,14.69,0.51,0.14,241.15,56.35
2020,3,28,96.88,8.48,11.63,1.25,8.85,14.92,10.94,15.5,1.55,0.14,261.14,242.89
2020,3,29,98.35,7,10.02,0.01,5.25,10.58,4.13,10.91,1.34,0.16,275.43,271.99
2020,3,30,98.8,3.32,5.31,0.01,5.8,11.18,5.47,11.58,1.15,0.16,272.38,219.69
2020,3,31,98.41,2.12,2.96,0.02,6.04,12.37,6.12,12.93,1.34,0.16,275.33,266.53
2020,4,1,98.17,4.22,6.49,0,7.69,13.44,9.52,13.71,1.29,0.15,264.84,247
2020,4,2,97.99,6.38,9.21,0.74,9.34,15.15,12.52,15.48,0.84,0.14,261.3,106.89
2020,4,3,98.81,6.53,8.09,10.2,3.6,2.23,-1.14,1.62,0.33,0.14,266.13,45.12
2020,4,4,98.94,3.81,5.36,0.04,3.48,2.37,-1.53,1.69,1.11,0.16,285.21,179.81
2020,4,5,98.63,2.8,4.46,0.02,5.8,8.16,5.45,7.56,1.41,0.15,276.38,246.8
2020,4,6,98.09,6.5,9.53,0.08,10.19,15.2,13.8,15.32,0.43,0.15,257.46,56.6
2020,4,7,97.61,5.38,8.22,0.01,12.45,19.37,16.94,19.55,1.45,0.15,277.96,262.6
2020,4,8,97.67,5.26,7.5,0.05,9.03,16.65,11.82,17.51,1.52,0.15,280.36,265.88
2020,4,9,98.62,6.4,9.27,0,3.85,7.9,-0.16,7.83,1.59,0.16,302.59,286.49
2020,4,10,98.72,3.23,5.25,0,3.66,6.59,-1.14,5.43,1.5,0.16,304.51,265.93
2020,4,11,97.44,7.52,10.51,9.8,8.18,13.09,9.91,13.22,1.25,0.14,275.71,209.42
2020,4,12,97.15,8.48,11.09,15.39,7.63,10.08,7.95,9.93,0.29,0.14,275.2,47.08
2020,4,13,99.01,5.93,8.16,0,2.56,2.94,-5.38,2,1.59,0.16,319.17,291.84
2020,4,14,99.12,4.19,6.02,0,3.05,5.13,-3.35,4.47,1.37,0.16,319.19,262.48
2020,4,15,98.77,3.52,5.19,0,3.85,6.87,-0.16,5.65,1.32,0.16,310.84,304.16
2020,4,16,98.68,4.72,6.3,9.12,5.13,6.89,3.51,6.66,0.45,0.15,289.16,79.2
2020,4,17,98.74,5.64,7.2,3.45,3.72,4.17,-0.6,3.57,0.96,0.15,307.36,169.28
2020,4,18,98.29,5.62,8.57,0,4.76,7.57,2.55,7.55,1.53,0.15,317.91,306.55
2020,4,19,97.82,3.51,5.55,0.05,6.47,9.93,7.09,10.38,1.5,0.16,303.42,266.13
2020,4,20,97.87,4.07,6.39,0.71,6.59,11.44,7.26,11.87,1.29,0.16,304.45,222.16
2020,4,21,98.4,3.05,5.27,0,5.92,13.29,5.92,13,-999,0.16,317.54,298.41
2020,4,22,97.72,4.77,7.9,4.41,7.75,11.62,9.53,12.15,1.09,0.15,296.18,154.55
2020,4,23,97.35,2.16,3.67,0.67,8.67,15.9,11.38,15.29,1.52,0.15,313.03,244.63
2020,4,24,97.57,3.94,5.72,23.66,9.28,13.88,12.47,14.15,0.45,0.14,289.35,66.93
2020,4,25,98.32,5.84,7.66,3.83,7.02,13.17,8.47,13.23,1.62,0.13,314.74,286.9
2020,4,26,98.83,2.07,3.38,3.26,7.08,14.55,8.58,14.76,1.58,0.15,316.87,291.91
2020,4,27,98.37,6.76,9.6,1.14,9.34,16.31,12.64,16.15,1.66,0.12,301.48,285.91
2020,4,28,97.71,5.33,7.89,5.86,10.74,16.52,14.6,16.73,1.05,0.14,303.77,163.25
2020,4,29,97.95,8.33,11.95,0.32,6.77,13.04,7.88,13.22,1.49,0.14,322.09,254.09
2020,4,30,98.38,3.23,5.02,0,7.08,14.79,8.52,14.98,1.85,0.16,333.53,329.45
2020,5,1,97.95,5.6,9.17,0,10.31,17.17,13.87,17.7,1.76,0.15,312.22,249.91
2020,5,2,98.1,4.38,6.48,0.01,12.21,21,16.68,20.79,1.95,0.16,315.23,267.86
2020,5,3,98.35,4.45,6.57,0.77,8.79,17.37,11.71,17.33,-999,0.16,318.95,256.65
2020,5,4,97.94,6.17,8.66,16.72,8.54,14.09,10.98,14.17,0.42,0.14,296.77,55.49
2020,5,5,98.49,6.99,9.95,0.1,6.47,13.5,7.29,13.44,2.2,0.16,344.12,336.29
2020,5,6,99.12,3.39,5.02,0,6.04,11.38,6.38,10.94,1.32,0.16,335.54,203.35
2020,5,7,98.62,2.86,3.64,7.33,6.65,11.08,7.51,11.62,1.16,0.16,326.95,172.3
2020,5,8,98.87,5.88,7.88,3.12,5.07,10.54,3.5,10.36,-999,0.15,337.95,295
2020,5,9,99.13,3.03,4.44,0,4.94,9.95,3.19,10.62,1.48,0.16,335.2,265.16
2020,5,10,99.3,6.55,9.5,0,4.21,9.11,1.28,8.74,1.84,0.16,351.72,349.03
2020,5,11,99.41,2.85,4.27,1.4,4.39,8.76,1.84,7.85,1.21,0.16,338.66,182.34
2020,5,12,98.98,3.07,4.09,0.29,5.86,9.13,5.8,8.69,1.12,0.15,324.08,157.29
2020,5,13,98.25,4.85,6.88,1.53,9.7,14.73,12.7,14.29,0.71,0.15,313.6,81.18
2020,5,14,97.77,6.25,9.07,4.76,14.22,21.24,19.12,21.32,1.57,0.15,315.2,206.7
2020,5,15,98.15,3.72,5.96,10.88,11.17,18.66,15.33,18.69,1.38,0.15,328.14,176.74
2020,5,16,97.97,3.38,5.14,1.35,13.06,19.2,17.74,19.33,1.39,0.15,310.13,176.66
2020,5,17,97.9,6.46,9.2,0.09,9.22,17.09,12.27,16.83,1.81,0.16,349.91,221.39
2020,5,18,98.09,5.36,7.62,0.03,8.12,13.85,10.55,13.69,0.98,0.15,348.55,116.71
2020,5,19,98.25,3.55,5.38,0,9.09,16.45,12.28,15.64,1.73,0.16,345.76,227.79
2020,5,20,98.33,3.78,5.48,0.07,10.86,18.15,14.95,17.54,1.06,0.15,332.71,126.41
2020,5,21,98.21,4.29,5.95,0.2,11.23,19.16,15.44,18.48,1.26,0.15,326.87,151.34
2020,5,22,97.85,5.57,7.7,5.84,13.31,19.4,17.95,19.47,1.18,0.14,313.01,152.48
2020,5,23,97.81,4.14,6.25,0.16,13.18,21.29,17.73,21.04,2.13,0.16,341.73,297.38
2020,5,24,97.87,4.81,7.52,4.37,16.11,22.72,21.16,23.01,1.85,0.15,327.07,240.58
2020,5,25,97.86,3.48,5.16,19.3,14.59,21.3,19.55,21.41,1.42,0.15,315.45,163.96
2020,5,26,97.66,4.91,6.97,12.23,14.04,21.3,18.9,21.17,1.34,0.15,319.43,149.96
2020,5,27,97.98,1.23,2.09,12.76,12.27,19.73,16.84,19.53,1.33,0.15,319.42,167.43
2020,5,28,98.15,3.69,5.49,42.86,12.63,17.94,17.23,18.58,0.83,0.15,327.91,104.16
2020,5,29,98.85,3.98,5.83,0.01,8.97,17.73,12.16,18.2,2.4,0.15,360.24,359.96
2020,5,30,99.1,2.73,3.95,0,9.52,18.52,13.07,19.12,1.38,0.16,344.93,182.64
2020,5,31,99.12,3.7,5.97,0.01,10.74,18.82,14.86,19.01,1.95,0.16,341.09,253.16
2020,6,1,98.71,6.31,9.15,0.01,13.61,22.49,18.59,22.62,2.41,0.15,343.36,319.22
2020,6,2,98.33,5.84,8.46,0,14.89,23.46,19.89,23.52,2.5,0.15,344.77,329.77
2020,6,3,97.9,4.66,7.21,17.75,17.21,24.67,22.15,24.98,2.34,0.15,334.24,293.68
2020,6,4,97.71,3.63,5.7,11.95,17.52,25.26,22.47,25.05,2.59,0.15,339.59,336.51
2020,6,5,98.02,2.44,4.08,5.21,17.64,25.97,22.62,25.94,2.12,0.16,335.95,266.84
2020,6,6,98.23,3.3,5.7,0.02,17.46,25.92,22.4,26.18,2.35,0.16,339.6,310.08
2020,6,7,97.99,4.66,7.38,0,17.76,26.15,22.73,26.31,2.78,0.16,351.51,350.02
2020,6,8,97.59,4.32,6.83,0.07,17.4,25.35,22.37,25.55,2.77,0.16,353.34,324.44
2020,6,9,96.72,4.24,6.48,3.67,16.6,24.68,21.11,24.69,2.73,0.16,343.07,279.73
2020,6,10,97.74,7.34,10.64,0.75,9.52,18.08,12.92,18.18,2.42,0.16,356.12,287.05
2020,6,11,99.08,3.92,6.33,0,10.56,20.71,14.49,21.21,2.7,0.16,360.09,359.45
2020,6,12,99.08,2.77,4.4,0,13.61,23.6,18.6,23.79,2.34,0.16,352.37,321.12
2020,6,13,98.78,3.22,5.18,0,14.28,24.26,19.28,24.54,2.58,0.17,354.76,350.56
2020,6,14,98.75,3.67,6.04,0,15.14,25.05,20.28,25.12,2.44,0.16,340.86,312.05
2020,6,15,98.93,3.8,5.96,0.02,16.3,25.19,21.51,25.26,2.49,0.16,341.1,329.3
2020,6,16,98.83,4.11,6.29,0,15.99,24.34,21.19,24.36,2.42,0.16,345.42,335.25
2020,6,17,98.5,5.2,7.42,0,14.83,24.1,19.84,23.98,2.41,0.17,347.66,338.48
2020,6,18,98.21,5.17,7.66,0.2,15.62,24.9,20.66,24.93,2.3,0.16,345.93,327.66
2020,6,19,98.27,2.87,4.42,14.02,16.11,22.49,21.26,22.62,0.88,0.16,311.91,105.16
2020,6,20,98.19,1.81,2.79,0.18,14.83,22.93,19.87,22.99,2.01,0.16,325.59,261.16
2020,6,21,97.96,3.59,5.84,0.1,15.93,24.76,20.98,24.73,1.99,0.16,343.41,267.96
2020,6,22,97.86,3.79,5.91,0.96,15.62,24.55,20.68,24.42,2.1,0.16,335.85,274.53
2020,6,23,98.23,3.56,4.88,0.19,11.29,21.15,15.53,21.37,2.1,0.16,355.21,330.2
2020,6,24,98.19,2.18,3.24,0,10.99,22.22,15.14,22.22,2.28,0.16,349.55,343.71
2020,6,25,98.23,3.98,6.27,2.78,14.4,24.11,19.3,24.25,2.21,0.16,344.78,300.77
2020,6,26,98.16,5.25,8.1,9.92,16.72,25.04,21.76,25.27,1.85,0.16,340.93,238.73
2020,6,27,97.77,3.52,5.27,17.3,17.88,24.94,22.87,24.85,1.63,0.16,318.45,195.57
2020,6,28,97.47,6.33,9.24,1.2,18.74,26.37,23.52,26.53,2.09,0.15,318.05,255.95
2020,6,29,97.6,5.81,8.56,0.14,18.49,25.28,23.34,25.57,1.5,0.16,314.95,182.48
2020,6,30,97.57,5.02,7.84,13.83,19.23,25.92,23.98,26.24,1.98,0.15,324.23,253.94
2020,7,1,97.88,2.53,4.05,6.28,18.92,25.49,23.79,25.4,1.75,0.15,320.62,198.5
2020,7,2,98.25,2.35,3.71,0.12,18.43,26.06,23.39,25.87,2.2,0.16,336.67,268.82
2020,7,3,98.33,2.48,3.86,5.66,18.49,25.79,23.49,25.81,1.94,0.15,328.2,224.23
2020,7,4,98.28,3.85,5.77,2.67,17.76,24.93,22.79,24.89,2.06,0.14,321.95,236.71
2020,7,5,98.26,2.47,4.02,0.02,17.03,26.41,22.13,26.31,2.42,0.15,327.98,307.73
2020,7,6,98.3,1.8,2.84,0.11,16.97,26.84,22.05,26.85,2.41,0.16,332.97,309.96
2020,7,7,98.27,1.98,3.02,0,17.09,27.41,22.15,27.53,2.52,0.16,333.68,325.11
2020,7,8,98.04,3.22,5.17,0.68,17.94,27.4,22.9,27.44,2.59,0.17,337.89,330.08
2020,7,9,97.93,4.23,6.62,1.31,17.52,25.87,22.46,25.82,2.33,0.16,328.26,277.4
2020,7,10,98.44,1.68,2.63,0,13.18,25.42,18.05,25.72,2.63,0.16,348.62,346.2
2020,7,11,98.22,2.8,4.49,0.27,16.91,27.06,21.87,26.99,2.53,0.16,336.68,316.38
2020,7,12,98.22,3.56,5.49,0,12.45,24.12,17.04,24.01,2.73,0.16,352.59,346.92
2020,7,13,98.13,3.66,5.62,0,14.71,25.64,19.71,25.66,2.62,0.16,344.02,335.22
2020,7,14,98.02,3.9,6.34,23.93,18.31,26.08,23.14,26.13,2.15,0.16,323.68,241.52
2020,7,15,98.11,3.21,4.94,19.15,18.07,25.15,23.03,25.02,1.59,0.14,308.37,185.79
2020,7,16,98.57,1.77,2.66,0.31,15.99,24.42,21.11,24.36,2.13,0.16,331.08,260.09
2020,7,17,98.44,4.29,6.81,0.04,18.13,26.32,23.15,26.58,2.35,0.16,313.92,289.87
2020,7,18,98.11,6.74,9.87,0.17,18.01,26.8,22.98,27.15,2.46,0.16,323.25,293.42
2020,7,19,98.27,2.88,4.45,4.06,17.94,26.52,22.93,26.22,1.72,0.16,318.73,191.4
2020,7,20,98.27,2.23,3.12,17.16,17.82,24.47,22.86,24.47,1.41,0.12,299.92,164.9
2020,7,21,98.2,2.84,4.25,12.49,17.88,24.87,22.9,24.88,1.41,0.15,307.11,166.15
2020,7,22,98.37,1.53,2.6,0.02,16.42,26.26,21.52,25.85,2.42,0.16,324.86,308.62
2020,7,23,98.53,3.15,5.12,0.01,17.52,26.47,22.58,26.38,2.37,0.16,327.57,312.27
2020,7,24,98.55,2.95,5,0.02,18.49,27.05,23.51,27.16,2.46,0.16,325.61,301.09
2020,7,25,98.45,3.88,6.2,0.18,18.43,27.5,23.45,27.53,2.35,0.16,316.55,280.27
2020,7,26,98.43,3.82,5.73,16.05,19.04,27.73,23.94,27.7,2.38,0.16,316.18,294.09
2020,7,27,98.41,1.8,3.05,12.8,18.13,25.08,23.18,24.97,1.31,0.15,305.63,148.59
2020,7,28,98.28,3.14,4.67,0.51,16.66,25.47,21.74,25.39,2.48,0.16,322.8,303.75
2020,7,29,97.93,3.23,4.47,34.28,18.01,24.83,22.96,25.03,0.92,0.13,299.93,95.49
2020,7,30,97.67,3.74,5.15,29.8,17.52,24.34,22.46,24.2,1.37,0.14,307.89,140.26
2020,7,31,98.18,4.41,6.59,24.92,13.49,21.13,18.37,21.36,1.62,0.16,310.41,199.69
2020,8,1,98.25,2.66,4.24,0.05,12.7,22.04,17.37,22.13,2.05,0.16,321.99,272.88
2020,8,2,98.25,3.54,5.34,1.43,14.1,22.37,19.08,22.14,1.8,0.14,315.02,245.4
2020,8,3,98.68,4.07,6.05,0.2,10.86,19.21,15.01,18.86,-999,0.15,323.16,299.27
2020,8,4,98.8,2.72,4.08,0,9.09,17.86,12.31,17.71,1.82,0.16,322.35,271.09
2020,8,5,98.63,2.58,4.26,0,10.8,19.98,14.88,19.59,1.95,0.14,308.83,268.95
2020,8,6,98.46,3.3,5.39,0.05,14.1,22.37,19.04,22.29,1.7,0.15,302.52,232.52
2020,8,7,98.43,5.65,8.28,6.04,16.42,23.8,21.51,23.88,1.73,0.16,294.83,217.79
2020,8,8,98.31,5.36,7.74,10.02,18.86,26.29,23.72,26.3,1.88,0.16,291.71,249.2
2020,8,9,98.23,4.98,7.76,6.78,18.98,26.15,23.87,26.41,1.73,0.17,298.52,207.87
2020,8,10,98.17,3.34,5,4.59,18.8,26.6,23.69,26.64,1.34,0.17,299.01,164.73
2020,8,11,98.28,1.84,2.76,2.78,17.94,24.7,22.97,24.99,1.82,0.16,292.76,228.52
2020,8,12,98.36,2.62,4.04,0.04,17.58,25.82,22.61,25.74,1.83,0.16,300.71,243.89
2020,8,13,98.31,3.02,5.05,0.02,16.85,25.46,21.92,25.37,2.11,0.17,299.52,276.68
2020,8,14,98.22,2.74,4.66,2.52,17.46,25.58,22.51,25.55,2.13,0.17,297.41,293.59
2020,8,15,98.44,3.79,5.91,7.38,13.85,22.98,18.62,23.26,1.91,0.16,301.81,254.58
2020,8,16,98.76,1.98,3.2,0,11.11,21.79,15.26,21.89,1.78,0.16,301.85,236.95
2020,8,17,98.7,4.26,6.78,0.01,12.39,22.08,17.05,22.22,2.17,0.16,303.41,303.85
2020,8,18,98.68,3.05,4.69,0,10.8,19.9,14.97,20.19,1.86,0.17,312.05,267.51
2020,8,19,98.55,2.76,4.51,0,10.62,20.3,14.55,20.12,2.04,0.16,310.49,305.57
2020,8,20,98.27,2.68,4.45,0,10.93,20.91,14.96,20.69,2.07,0.17,308.52,292.03
2020,8,21,98.09,2.48,4.12,0,11.72,22.41,16.03,22.41,2.05,0.18,301.18,300.22
2020,8,22,98.15,2.94,4.73,0,12.39,23.74,17,24.02,1.84,0.16,285.45,273.61
2020,8,23,98.33,3.24,5.55,0,13.43,25.58,18.24,25.67,1.92,0.17,284.16,280.36
2020,8,24,98.51,2.91,4.96,0,14.1,25.95,19.07,26,1.82,0.17,282.62,283.33
2020,8,25,98.45,2.59,4.21,0,14.59,26.27,19.58,26.43,1.77,0.16,278.45,278.3
2020,8,26,98.17,4.17,6.7,0,15.56,26.55,20.61,26.51,1.95,0.16,282.28,272.48
2020,8,27,97.93,3.29,4.96,0.65,16.97,26.44,22.01,25.87,2.1,0.16,282.77,281.19
2020,8,28,97.67,1.55,2.43,1.2,15.62,27.08,20.59,27,1.99,0.16,278.78,278.99
2020,8,29,98.11,3.41,5.08,13.68,12.33,20.47,16.82,20.89,1.45,0.16,268.16,182.3
2020,8,30,97.77,2.83,4.59,0.28,11.66,20.76,15.77,20.44,1.79,0.16,275.48,251.73
2020,8,31,97.64,2.97,4.49,9.29,15.62,23.27,20.35,22.87,1,0.16,254.71,114.55
2020,9,1,97.73,3.02,4.7,14.94,16.36,23.23,21.26,23.26,0.95,0.16,245.49,118.83
2020,9,2,98,1.98,3.26,0.01,13,22.8,17.73,22.65,1.86,0.15,270.13,252.95
2020,9,3,98.18,4.36,7.15,0,11.66,21.78,15.76,21.91,1.73,0.16,272.49,253
2020,9,4,98.93,2.44,4,0,8.73,19.62,11.53,19.58,1.8,0.16,275.95,277.46
2020,9,5,99.03,2.49,4.26,8.12,14.1,23.9,18.79,24.05,1.66,0.16,261.51,260.19
2020,9,6,98.19,7.65,11.05,0.39,15.75,26.23,20.82,26.58,1.59,0.15,259.4,236.55
2020,9,7,97.63,4.22,6.65,0.06,16.85,26.55,21.83,26.4,1.19,0.14,237.22,175.2
2020,9,8,98.32,5.38,6.48,4.4,10.13,17.12,13.71,16.37,0.44,0.14,218.88,56.06
2020,9,9,99.03,5.25,6.45,5.21,8.12,13.69,10.71,12.96,0.6,0.14,231.65,72.43
2020,9,10,99.21,3.95,5.06,31.06,9.22,14.72,12.62,14.15,0.7,0.13,227.05,73
2020,9,11,98.82,2.1,3.02,5.11,10.44,16.02,14.45,15.67,0.42,0.15,177.48,57.12
2020,9,12,98.29,2.86,4.64,2.14,11.29,18.96,15.48,18.72,1.37,0.14,235.84,199.45
2020,9,13,98.81,2.86,4.67,0.03,9.46,17.5,12.87,17.22,1.48,0.14,251.02,250.03
2020,9,14,99.29,3.2,5.17,0.01,10.44,18.42,14.51,18.44,1.34,0.13,237.19,236.99
2020,9,15,98.93,2.42,3.93,0.01,11.29,19.57,15.68,19.62,1.02,0.13,213.12,185.85
2020,9,16,98.61,1.3,2.07,0,11.17,20.73,15.48,21.29,1.09,0.13,211.57,199.73
2020,9,17,98.84,3.93,5.97,0,9.16,17.65,12.48,17.42,1.05,0.12,206.09,207.68
2020,9,18,99.2,3.28,5.48,0.01,8.61,16.33,11.57,15.9,1.19,0.12,215.69,213.12
2020,9,19,99.19,3.96,6.5,0,7.63,15.31,9.71,15.17,0.98,0.12,204.23,193.81
2020,9,20,99.15,4.22,7.13,0,7.57,15.53,9.58,15.67,0.95,0.16,202.62,204.08
2020,9,21,99.1,3.35,5.36,0,9.28,17.54,12.73,17.73,1.16,0.16,220.53,221.38
2020,9,22,98.8,2.88,4.84,0.02,10.99,18.61,15.21,18.76,1.15,0.16,217.61,184.24
2020,9,23,98.48,2.72,4.6,0.07,11.05,18.9,15.3,18.83,0.84,0.15,208.73,128.2
2020,9,24,98.07,3.67,6.26,0,10.13,19.12,13.84,19.05,1.16,0.14,216.38,218.16
2020,9,25,97.9,5.63,8.67,0,11.54,21.26,15.87,21.37,1.26,0.15,225.52,227.55
2020,9,26,97.6,6.84,10.02,0,11.96,21.99,16.4,22.18,1.24,0.15,224.34,212.05
2020,9,27,97.93,5.4,7.52,20.29,10.13,16.58,13.52,16.54,0.16,0.13,199.82,23.78
2020,9,28,98.38,5.55,8.45,0.02,6.47,13.26,7.17,13.2,1.05,0.16,232.07,178.52
2020,9,29,98.3,4.41,7.39,0,5.92,13.7,5.87,13.66,1.09,0.16,228.8,220.49
2020,9,30,98.17,5.84,9.35,0,5.98,15.35,5.97,15.78,-999,0.16,228.12,230.16
2020,10,1,99.08,5.19,8.25,0,4.82,11.42,3.22,11.38,1.07,0.16,231.77,221.55
2020,10,2,99.01,2.48,4.3,0.02,4.88,11.37,3.15,10.73,0.99,0.16,222.2,199.66
2020,10,3,98.55,4.83,6.88,0.58,6.41,12.65,7.05,12.19,0.65,0.13,192.02,109.52
2020,10,4,99.29,2.98,4.64,0.03,5.31,11.16,4.59,10.19,0.89,0.16,215.86,194.98
2020,10,5,98.7,6.11,9.47,0,5.74,13.65,5.27,13.82,-999,0.15,209.76,200.66
2020,10,6,98.36,3.32,5.62,0,8.36,17.42,11.01,17.25,1.03,0.15,199.24,201.7
2020,10,7,98.31,3.55,5.49,0,9.95,19.69,13.62,20.61,1.07,0.16,198.09,200.42
2020,10,8,98.52,3.26,5.48,0,10.68,19.71,14.73,19.82,0.95,0.14,180.48,181.16
2020,10,9,98.04,5.64,8.87,0,11.47,20.43,15.83,20.57,1.02,0.16,192.73,194.97
2020,10,10,97.97,2.71,4.59,0,12.7,21.18,17.37,21.04,0.87,0.14,175.87,172.45
2020,10,11,97.56,5.43,8.34,0.03,11.66,21.37,15.98,21.58,0.98,0.15,189.38,192.12
2020,10,12,98.17,5.59,7.73,0.03,6.04,15.84,5.4,16.33,-999,0.16,203.3,199.21
2020,10,13,98.61,4.19,6.56,0,5.55,15.16,4.86,15.62,1.04,0.16,200.27,202.68
2020,10,14,97.75,6.88,10.46,0.01,6.71,17.33,7.55,17.72,1,0.16,192.38,189.73
2020,10,15,98.88,4.83,7.16,0,3.85,10.86,-0.48,10.87,1.01,0.16,202.34,197.76
2020,10,16,99.17,4.05,6.44,0,3.48,8.97,-1.52,9.2,0.83,0.16,197.8,185.97
2020,10,17,98.16,7.95,11.62,0,5,13.12,3.37,13.52,0.77,0.16,186.66,146
2020,10,18,98.88,6.08,8.14,0.15,4.46,7.76,1.55,7.58,0.45,0.15,176.21,72.91
2020,10,19,98.95,4.87,6.57,0.01,3.66,6,-0.68,5.58,0.39,0.14,170.74,62.01
2020,10,20,98.6,3.41,4.84,1.56,5.55,7.02,4.83,6.7,0.23,0.13,163.76,36.6
2020,10,21,98.66,2.52,3.75,3.77,6.65,9.05,7.4,8.74,0.25,0.13,160.91,43.7
2020,10,22,97.9,7.81,11.32,2.18,11.72,19.98,15.93,20.26,0.64,0.15,168.59,140.59
2020,10,23,99.1,7.03,9.34,8.66,4.03,5.85,0.44,5.37,0.35,0.14,169.26,57.49
2020,10,24,99.04,3.95,5.92,0.05,3.48,4.05,-1.31,3.35,0.33,0.15,168.76,57.5
2020,10,25,98.9,4.52,6.05,0.66,3.97,3.33,0.3,3.13,0.23,0.14,160.58,39.95
2020,10,26,99.48,5.48,7.27,5.16,2.93,-0.24,-3.56,-0.49,0.3,0.15,162.23,47.03
2020,10,27,99.32,2.1,3.08,1.95,2.99,-0.22,-3.45,-0.42,0.37,0.16,155.85,60.39
2020,10,28,98.4,2.5,3.57,9.44,4.03,3.44,0.31,3.69,0.47,0.16,150.6,84.83
2020,10,29,98.46,6.2,8.61,2.42,3.91,4.78,-0.05,4.98,0.55,0.16,166.13,124.25
2020,10,30,99.02,3.69,5.99,0,4.52,6.52,1.65,7.03,0.65,0.18,164.83,167.25
2020,10,31,98.68,6.64,10.19,0,5.62,10.47,5.18,10.84,0.69,0.17,161.86,164.24
2020,11,1,99.92,4.7,6.98,0,2.62,4.99,-5.11,5.76,0.64,0.18,168.86,163.09
2020,11,2,99.47,4.62,7.61,0,3.78,6.68,-0.85,7.44,0.63,0.18,160.79,162.92
2020,11,3,98.71,5.06,8.14,0,6.47,11.91,7.28,12.15,0.62,0.18,161.26,163.18
2020,11,4,98.65,5.93,9.18,0,7.08,12.94,8.52,13.46,0.43,0.16,150.48,90.98
2020,11,5,98.86,3.74,6.07,0,8.24,14.34,10.82,14.83,0.53,0.18,146.1,148.19
2020,11,6,98.76,4.8,8.09,0,9.7,15.19,13.34,15.41,0.53,0.18,147.55,142.98
2020,11,7,98.54,6.13,9.3,0,8.48,15.05,11.28,15.28,0.57,0.18,146.24,147.79
2020,11,8,98.33,7.43,10.62,0,11.05,18.04,15.25,18.19,0.51,0.16,140.86,107.28
2020,11,9,98.04,7.4,10.59,0.59,11.84,19.4,16.32,19.59,0.26,0.16,132.26,46.41
2020,11,10,97.81,6.98,9.52,8.12,7.02,10.09,6,9.98,0.24,0.16,133.49,48.82
2020,11,11,98.65,1.88,2.99,0,3.36,4.57,-1.95,4.8,-999,0.18,144.81,137.68
2020,11,12,98.62,4.84,7.38,0.08,4.09,6.2,0.65,6.13,0.38,0.17,141.98,100.14
2020,11,13,99.06,3.12,5.38,0,2.56,1.57,-5.35,1.2,0.48,0.19,148.59,149.98
2020,11,14,97.24,8.71,12.3,4.75,7.51,11.33,8.51,11.83,0.2,0.15,126.75,42.04
2020,11,15,98.5,7.77,11.26,0,2.99,6.19,-3.37,6.66,0.46,0.19,145.21,147.39
2020,11,16,99.13,4.9,8.27,0,3.36,5.98,-1.81,6.64,0.45,0.18,140.69,141.86
2020,11,17,99.84,4.14,7.04,0,3.72,5.66,-0.42,5.83,0.45,0.18,136.04,138.2
2020,11,18,98.93,9.02,12.73,0,4.88,10.22,3.34,10.7,0.46,0.19,133.67,135.66
2020,11,19,98.32,9.31,13.23,0,7.14,14.88,8.29,15.44,0.42,0.17,123.35,124.8
2020,11,20,99.34,5.1,7.57,0.25,6.59,11.58,7.37,11.76,0.32,0.16,117.95,84.38
2020,11,21,99.66,5.86,7.68,5.86,4.76,6.55,2.96,6.51,0.2,0.14,111.66,39.36
2020,11,22,99.42,3.49,5.61,0.04,4.15,5.1,1.05,5.36,0.35,0.16,126.05,109.38
2020,11,23,99.2,3.82,5.12,4.15,3.85,1.3,-0.07,1.98,0.09,0.13,112.34,20.73
2020,11,24,97.86,5.6,8.46,12.53,6.53,7.98,7.19,8.43,0.08,0.13,100.45,18.94
2020,11,25,97.85,4.36,6.12,6.56,5.25,4.65,3.66,5.08,0.15,0.15,119.38,34.56
2020,11,26,98.44,2.95,4.74,0,3.97,3.17,0.2,3.73,0.36,0.16,125.73,123.06
2020,11,27,99.06,3.67,5.1,0,3.6,2.94,-1.02,4.01,-999,0.18,121.68,113.31
2020,11,28,99.01,3.97,6.91,0,3.17,3.13,-2.54,3.98,0.33,0.17,126.52,128.8
2020,11,29,98.82,7.19,10.48,0,3.11,2.08,-3.13,2.56,0.27,0.15,113.16,82.28
2020,11,30,99.15,4.63,6.42,0,1.95,-2.81,-8.63,-1.86,0.32,0.18,130.09,132.57
2020,12,1,98.68,3.77,6.34,0,2.44,-0.35,-6.11,0.44,0.3,0.17,125.49,126.47
2020,12,2,99.22,3.12,5.56,0.08,3.36,1.74,-1.95,2.03,0.33,0.16,120.68,111.64
2020,12,3,99.05,1.95,3.05,0.88,3.72,1.62,-0.6,1.86,0.2,0.16,115.21,73.27
2020,12,4,98.65,3.89,6.38,0,3.17,1.38,-2.59,1.91,-999,0.18,118.27,116.93
2020,12,5,98.81,3.51,5.89,0,3.6,2,-0.93,2.49,0.34,0.18,118.45,120.65
2020,12,6,98.68,4.02,6.55,0,3.66,1.26,-0.81,1.42,-999,0.17,115.85,110.04
2020,12,7,98.68,2.34,3.43,0,3.66,1.58,-0.84,3.23,0.3,0.17,116.3,113.2
2020,12,8,98.63,3.02,5.26,0,3.85,2.82,-0.11,4.05,0.27,0.16,115.83,90.34
2020,12,9,98.3,3.3,5.44,0,4.46,6.48,1.83,8,0.32,0.16,112.7,113.85
2020,12,10,97.98,2.5,3.82,0,5.31,6.64,4.21,8.59,0.3,0.16,116.54,111.2
2020,12,11,97.64,2.45,3.44,2.63,5.62,5.62,5.12,6.12,0.12,0.14,98.19,29.59
2020,12,12,98.22,4.8,6.46,0.12,3.66,1.69,-0.92,1.49,0.09,0.13,109.31,24.99
2020,12,13,99.07,3.17,4.69,0,2.62,-1.35,-4.9,-1.69,0.17,0.16,113.71,59.54
2020,12,14,99.37,3.02,4.71,0,2.2,-2.31,-7.12,-2.88,0.24,0.16,117.34,115.87
2020,12,15,98.94,4.54,5.7,0.11,2.2,-2.6,-7.2,-2.91,0.15,0.14,112.63,35.41
2020,12,16,98.64,2.12,2.89,0.15,2.38,-1.85,-6.08,-2.17,0.19,0.15,108.53,68.8
2020,12,17,98.71,3.37,5.38,0.02,3.11,-0.58,-2.92,0.15,-999,0.16,110.95,109.19
2020,12,18,98.51,6.59,9.73,0,4.09,1.76,0.64,2.45,0.21,0.15,108.81,68.65
2020,12,19,98.73,3.41,5.16,0,2.81,-0.84,-4.37,0.03,0.29,0.16,116.33,108.96
2020,12,20,98.19,4.2,6.81,0,3.17,1.5,-2.78,2.36,0.27,0.17,113.31,111.52
2020,12,21,98.46,5.6,9.07,0,3.6,4.12,-1.03,5.08,0.29,0.17,116.41,112.85
2020,12,22,98.35,7.41,10.49,0,4.27,5.99,0.98,7.05,0.3,0.17,112.2,108.88
2020,12,23,97.46,12.08,15.65,0,3.78,4.15,-2.74,4.19,0.19,0.16,110.68,57.41
2020,12,24,98.69,7.61,9.67,0,1.1,-5.69,-14.8,-6.3,0.23,0.18,121.58,122.07
2020,12,25,98.77,4.45,6.23,0,1.71,-4.17,-11.41,-4.78,0.2,0.19,114.43,116.38
2020,12,26,98.04,3.56,6.1,0,3.66,0.73,-0.95,1.04,0.23,0.17,114.21,112.33
2020,12,27,97.82,5.69,9.27,0,3.97,1.98,0.26,2.67,0.22,0.16,110.45,97.42
2020,12,28,99.61,3.34,5.43,0.03,2.5,-1.49,-5.63,-1.7,0.23,0.18,113.98,108.98
2020,12,29,98.82,6.2,8.48,20.04,3.48,-0.3,-1.75,-0.1,0.04,0.12,99.61,11.7
2020,12,30,98.78,4.66,6.68,1.31,2.62,-2.97,-5.07,-2.35,0.27,0.26,119.23,108.6
2020,12,31,99.02,3.75,4.95,0.05,2.38,-4.27,-6.23,-3.72,0.25,0.18,121.11,105.24
2021,1,1,98.28,6.8,9.09,18.25,2.44,-5.06,-6.02,-4.71,0.1,0.25,112.4,33.55
2021,1,2,98.62,2.1,3.41,0.02,2.38,-5.99,-6.35,-4.93,0.16,0.24,116.45,49.29
2021,1,3,98.36,3.04,4.73,0.06,2.69,-4.61,-5,-4.49,0.16,0.25,117.27,53.15
2021,1,4,98.47,3.67,6.29,0.02,3.23,-2.69,-2.67,-2,0.21,0.34,113.82,94.62
2021,1,5,98.73,3.51,5.87,0.01,3.48,-1.87,-1.47,0.09,0.26,0.31,120.09,112.28
2021,1,6,98.73,4.5,7.63,4.26,3.97,0.82,0.33,1.52,0.1,0.23,110.73,30.81
2021,1,7,99.22,4.76,6.81,1.28,3.36,-0.62,-1.79,-0.4,0.17,0.2,114.84,62.57
2021,1,8,99.52,3.06,4.41,0.01,2.93,-1.45,-3.5,-1.31,0.2,0.21,121.46,73.75
2021,1,9,99.59,2.47,3.68,0,2.62,-2.79,-5,-2.53,0.2,0.23,124.24,69.97
2021,1,10,99.73,2.43,3.25,0,2.44,-3.87,-5.89,-3.6,0.2,0.22,124.3,68.8
2021,1,11,99.38,4.13,6.66,0,2.87,-2.45,-3.97,-1.45,0.29,0.21,126.88,127.47
2021,1,12,98.86,5.2,8.06,0,3.36,0.58,-1.9,1.15,0.29,0.2,124.8,126.39
2021,1,13,97.88,5.91,9.02,0,3.66,1.36,-0.78,1.99,0.23,0.2,122.14,102.15
2021,1,14,97.31,8.9,12.7,0.06,3.3,2.37,-2.46,3.15,0.13,0.2,125.11,50.74
2021,1,15,97.28,11.14,14.51,1.83,2.93,-0.57,-3.91,-0.27,0.06,0.17,126.16,24.06
2021,1,16,98.09,4.92,7.2,0.04,2.75,-1.39,-4.53,-1.31,0.12,0.19,128.69,45.06
2021,1,17,98.11,4.8,7.35,0,2.99,-1.06,-3.57,-0.65,0.22,0.2,128.16,86.47
2021,1,18,98.31,2.2,3.52,0.04,3.42,-1.24,-1.79,-0.54,0.15,0.21,126.49,50.16
2021,1,19,99.46,4.3,6.52,0,2.99,0.08,-3.31,0.42,0.3,0.19,135.2,124.92
2021,1,20,98.82,5.99,8.91,0,2.87,0.65,-4.06,1.49,0.31,0.19,132.14,130.69
2021,1,21,98.27,3.81,5.84,0,3.42,2.26,-1.66,2.76,0.33,0.18,135.35,134.49
2021,1,22,99.06,3.82,6,0,2.2,-1.72,-7.34,-1.99,0.34,0.17,137.28,126.77
2021,1,23,98.8,5.45,7.61,0.01,2.26,-0.63,-6.93,-0.88,0.29,0.17,135.21,88.82
2021,1,24,98.32,3.55,5.31,1.47,4.15,1.66,0.93,1.83,0.15,0.17,129.62,36.52
2021,1,25,97.35,6.16,8.09,16.89,3.78,0.16,-0.46,0.27,0.07,0.15,130.4,16.17
2021,1,26,98.35,4.34,5.88,3.04,2.44,-3.41,-5.89,-3.77,0.19,0.17,142.24,46.53
2021,1,27,99.58,3.36,4.58,1.5,2.32,-5.06,-6.42,-4.77,0.2,0.16,140.43,55.95
2021,1,28,100.06,4.01,5.79,0,2.44,-4.67,-5.92,-4.13,0.2,0.21,148.11,57.02
2021,1,29,98.72,5.83,9.05,0.53,3.78,0.97,-0.47,1.49,0.41,0.21,140.89,116.6
2021,1,30,97.21,6.23,9.05,23.93,5,2.93,3.26,3.56,0.1,0.2,134.27,21.63
2021,1,31,98.86,8.81,11.55,0.11,3.05,-0.41,-3.14,-0.35,0.1,0.16,141.95,26.39
2021,2,1,99.58,3.84,5.24,0,2.69,-1.71,-4.74,-2.07,0.23,0.19,155.77,65.72
2021,2,2,99.17,3.14,4.62,0,2.87,-0.75,-4.02,-1.44,0.39,0.2,151.43,122.95
2021,2,3,98.14,5.85,8.38,0,4.15,3.68,0.52,3.84,0.49,0.18,150.62,150.64
2021,2,4,97.45,7.86,10.91,1.2,3.11,0.21,-3.85,0.36,0.27,0.2,153.58,76.08
2021,2,5,98.1,4.45,6.61,0.03,2.44,-1.35,-6.03,-1.65,0.36,0.23,161.4,126.09
2021,2,6,98.73,6,7.12,1.8,1.59,-5.62,-11.19,-6.4,0.24,0.34,160.48,80.62
2021,2,7,99.07,4.86,5.65,1.34,1.1,-10.67,-15.11,-11.87,0.19,0.33,160.8,63.11
2021,2,8,99.13,5.17,6.03,0.49,1.1,-10.52,-14.73,-11.76,0.07,0.23,160.29,21.09
2021,2,9,99.51,5.26,6.23,0.29,1.16,-9.16,-14.14,-10.67,0.21,0.2,167.14,53.8
2021,2,10,99.51,5.9,7.05,0.6,1.28,-9.09,-13.24,-10.09,0.2,0.18,161.84,39.81
2021,2,11,99.71,6.59,7.93,0.02,1.1,-10.1,-14.63,-11.06,0.28,0.2,165.95,57.59
2021,2,12,99.96,7.09,8.41,0.06,0.79,-13.31,-17.98,-14.58,0.43,0.39,168.91,98.6
2021,2,13,99.82,6.07,7.3,0.06,0.73,-14.32,-19.02,-15.7,0.66,0.45,182.3,155.16
2021,2,14,100.13,7.08,8.51,2.98,0.61,-16.63,-20.47,-17.5,0.3,0.26,177.95,64.73
2021,2,15,99.59,6.25,7.67,5.08,0.55,-18.27,-21.4,-19.06,0.2,0.27,186.3,49.02
2021,2,16,99.1,2.12,2.7,0.05,0.73,-15.79,-19.24,-16.78,0.55,0.62,196.76,196.05
2021,2,17,99.18,3.13,4.18,2.88,1.34,-10.81,-12.95,-10.99,0.52,0.48,187.64,136.84
2021,2,18,99.71,3.02,4.13,0.01,1.53,-9.99,-11.58,-9.74,0.7,0.55,196.55,186.2
2021,2,19,99.52,3.88,5.66,0,2.01,-7.29,-8.35,-6.3,0.65,0.49,196.79,185.88
2021,2,20,98.97,4.71,7.33,0,2.81,-2.8,-4.34,-2.65,0.71,0.54,196.64,196.7
2021,2,21,98.12,7.05,10.15,0.23,3.66,0.08,-0.89,0.68,0.22,0.35,179.63,39.85
2021,2,22,98.25,6.29,10.1,0,3.3,1.83,-2.34,2.85,0.57,0.34,197.73,191.48
2021,2,23,97.91,4.52,7.81,0,4.64,5.64,2.19,6.4,0.73,0.24,197.06,196.71
2021,2,24,98.66,5.94,9.05,0,3.78,3.65,-0.35,3.63,0.57,0.25,204.48,118.15
2021,2,25,99.57,2.12,3.45,0,2.81,0.3,-4.07,0.82,0.59,0.19,198.91,118.74
2021,2,26,98.32,4.12,6.68,0,3.91,2.95,-0.24,2.85,0.66,0.18,194.67,155.51
2021,2,27,97.98,5.41,7.57,0.11,5.07,7.05,3.48,6.76,0.79,0.19,205.55,176.61
2021,2,28,98.22,6.49,9.45,0.24,4.46,5.15,1.19,5.09,0.74,0.16,204.55,173.85
2021,3,1,99.36,3.77,6.02,0,2.87,2.12,-3.88,1.89,-999,0.16,209.12,185.34
2021,3,2,98.91,4.81,7.9,0,3.42,4.66,-1.76,4.87,0.75,0.18,216.67,218.23
2021,3,3,98.49,3.66,5.46,0,4.15,6.34,0.9,7.99,0.9,0.18,220.02,222.07
2021,3,4,98.72,3.34,4.89,0,5.13,8.53,3.8,9.73,0.93,0.18,218.66,220.46
2021,3,5,99.21,5.1,6.99,0,3.78,6.33,-0.27,6.26,0.79,0.17,211.91,189.89
2021,3,6,99.28,4.14,6.82,0,5.07,7.62,3.61,7.7,0.91,0.17,210.88,212.28
2021,3,7,99.3,6.29,9.95,0,4.64,9.14,2.56,9.45,1.04,0.18,223.03,220.56
2021,3,8,99.29,6.53,9.71,0,5.49,11.19,4.98,11.35,0.91,0.17,222.04,205.65
2021,3,9,98.48,9.97,13.38,0,8,14.91,10.1,14.98,1.09,0.15,209.26,203.2
2021,3,10,97.74,11.38,15.19,9.48,9.77,16.8,13.12,17.08,0.97,0.16,213.75,155.55
2021,3,11,98.84,3.82,5.62,3,4.46,8.9,1.94,8.18,1.27,0.17,234.27,235.81
2021,3,12,99.49,5.67,7.88,2.86,4.82,6.29,3.23,6.38,0.41,0.14,216.24,54.38
2021,3,13,99.19,6.56,8.72,7.98,5.98,8.19,6.03,8.22,0.53,0.14,207.46,60.39
2021,3,14,98.22,9.67,12.25,26.53,6.65,9.69,7.6,9.62,0.28,0.12,198.34,31.03
2021,3,15,97.71,4.38,5.8,3.97,6.1,8.37,6.25,8.29,0.47,0.14,227.78,69.06
2021,3,16,98,4.3,5.34,2.37,5.74,8.39,5.43,7.36,0.52,0.15,233.72,77.7
2021,3,17,97.63,9.05,11.31,34.67,4.88,4.57,3.12,4.4,0.39,0.14,220.89,56.36
2021,3,18,98.68,8.82,12.05,3.21,4.03,4.49,0.68,4.52,0.68,0.16,238.18,111.89
2021,3,19,99.75,4.09,6.72,0,3.23,3.92,-2.31,3.57,-999,0.16,262.4,264.52
2021,3,20,99.46,4.77,7.5,0.06,4.21,6.29,1.07,6.1,1.29,0.16,260.95,262.96
2021,3,21,98.65,7.84,11.24,0,6.59,11.3,7.54,11.43,1.42,0.16,250.52,232.54
2021,3,22,98.03,5.95,8.69,1.08,7.57,12.55,9.51,12.74,0.84,0.15,227.24,115.22
2021,3,23,96.87,8.43,11.16,7.71,7.51,11.23,8.99,11.32,0.49,0.15,239.23,70.2
2021,3,24,97.72,5,6.79,0.73,5.43,7.8,4.57,7.71,0.52,0.15,257.34,80.68
2021,3,25,97.78,3.26,4.87,10.06,5.31,5.25,4.3,5.29,0.25,0.14,252.34,41.31
2021,3,26,98.24,3.65,5.34,1.19,6.16,9.62,6.39,9.53,1.02,0.16,256.6,216.88
2021,3,27,98.11,5.96,8.5,0.8,6.96,11.83,8.16,11.76,0.71,0.16,250.68,135.77
2021,3,28,99.02,4.95,7.16,0,4.09,7.87,0.8,7.6,1.23,0.16,275.85,274.09
2021,3,29,97.94,10.76,14.62,0.04,5.8,12.59,5.46,12.94,1.38,0.16,272.7,273.43
2021,3,30,98.09,7.48,10.58,0.13,4.33,9.98,0.86,10,1.18,0.14,268.77,199.92
2021,3,31,99.69,5.45,8.11,0,2.69,4.98,-4.75,4.68,1.23,0.17,289.75,286.94
2021,4,1,100.11,2.76,4.69,0,2.62,4.12,-5.12,2.82,1.12,0.18,291.91,293.35
2021,4,2,99.39,6.65,9.84,0,4.33,8.33,1.17,8.31,-999,0.16,278.4,265.99
2021,4,3,98.94,6.3,9.3,0,6.96,13.28,8.08,13.26,1.61,0.16,274.98,276.81
2021,4,4,98.65,6.1,9,0,8.61,15.91,11.41,15.84,1.56,0.16,274.18,273.38
2021,4,5,98.01,7.36,10.56,0,9.89,17.32,13.47,17.47,1.54,0.16,268.7,252.91
2021,4,6,97.55,7.81,10.99,2.32,11.23,18.55,15.35,18.74,0.98,0.16,263.38,144.99
2021,4,7,97.05,7.71,10.16,15.66,9.77,15.39,12.38,15.23,0.41,0.13,256.76,55.16
2021,4,8,96.9,5.77,7.73,4.95,6.23,8.62,6.4,8.66,0.53,0.15,285.11,78.39
2021,4,9,97.32,4.02,5.98,10.12,6.71,13.08,7.49,13.23,1.4,0.13,288.57,258.98
2021,4,10,97.32,6.82,9.86,19.42,5.98,9.44,5.87,9.72,0.81,0.15,293.2,108.9
2021,4,11,97.18,3.57,6.02,0.23,5.8,12.46,5.19,12.4,1.54,0.15,298.2,299.52
2021,4,12,98.31,4.84,7.23,1.63,4.76,10.05,2.75,9.89,1.34,0.15,295.42,224.3
2021,4,13,99.01,3.52,5.56,0,4.33,9.64,1.6,9.19,1.71,0.16,302.13,294.91
2021,4,14,99.05,4.45,6.7,0,4.15,9.04,0.94,8.29,1.79,0.16,304.44,298.84
2021,4,15,98.81,2.73,4.29,0.02,4.64,8.84,2.48,8.01,1.67,0.16,305.88,271.63
2021,4,16,98.4,3.22,4.68,6.58,5.74,8.84,5.47,8.19,0.5,0.15,293.46,73.74
2021,4,17,98.5,3.98,5.84,0.79,5.68,8.87,5.33,8.22,0.98,0.16,299.64,153.67
2021,4,18,98.41,3.77,5.45,0.82,5.07,9.55,3.76,9.23,1.09,0.15,304.04,200.41
2021,4,19,98.42,5.61,7.85,0.04,4.33,7.88,1.44,7.08,1.43,0.15,304.75,235.81
2021,4,20,98.95,4.42,6.01,4.51,3.17,2.8,-2.77,2.57,1.25,0.16,321.62,200.09
2021,4,21,99.17,4.78,6.76,0.04,2.99,3.29,-3.41,3.07,1.18,0.16,320.58,232.33
2021,4,22,98.88,3.16,4.76,0.6,3.48,5.66,-1.82,6.17,1.48,0.16,315.73,277.99
2021,4,23,98.07,4,5.78,6.05,7.14,9.9,8.51,9.87,0.64,0.15,289.66,86.46
2021,4,24,98.12,4.86,6.54,0.32,7.02,13.48,8.35,13.12,1.66,0.15,313.8,311.41
2021,4,25,98.16,5.61,8.55,0,7.57,14.05,9.3,14.3,1.59,0.16,312.31,298.12
2021,4,26,97.32,9.58,13.42,0.07,10.86,19.18,14.7,19.48,1.59,0.16,305.15,268.59
2021,4,27,97.37,7.8,10.99,0.04,12.76,20.08,17.33,20.33,1.39,0.16,299.5,202.45
2021,4,28,97.73,2.88,4.52,29.31,13.31,20.29,18.03,20.06,0.84,0.14,270.11,97.81
2021,4,29,98.38,5.18,7.56,0.42,8.54,17.61,11.29,17.51,1.94,0.16,324.15,319.87
2021,4,30,98.92,2.95,4.98,0,7.45,17.24,9.21,17.74,1.94,0.16,325.41,324.72
2021,5,1,98.07,6.59,9.84,0,9.28,18.4,12.48,18.59,2.03,0.16,327.2,315.45
2021,5,2,97.1,5.41,7.77,0.21,12.08,18.93,16.42,18.93,1.59,0.14,295.68,234.48
2021,5,3,97.21,4.96,7.17,0.76,11.23,18.83,15.31,18.35,1.02,0.16,312.28,127.65
2021,5,4,98.27,5.66,8.07,2.04,5.68,11.96,5.07,12.01,1.59,0.15,328.13,246.62
2021,5,5,98.82,2.24,3.97,0,5.25,13.04,4.12,12.62,1.83,0.16,341.97,288.5
2021,5,6,99.02,5.59,7.88,0.26,5.8,12.84,5.59,12.75,1.71,0.16,335.16,289
2021,5,7,98.7,3.62,5.63,0.09,6.65,14.8,7.26,14.74,1.24,0.16,325.57,188.12
2021,5,8,97.63,5.82,8.16,10.62,11.6,18.96,15.72,18.69,1.56,0.15,305.86,224.8
2021,5,9,97.93,6.05,8.02,21.82,7.69,13.22,8.6,12.56,1.02,0.15,333.74,120.25
2021,5,10,98.89,1.42,2.08,0,5.31,10.42,4.41,10.88,1.52,0.16,337.98,218.93
2021,5,11,99.2,3.81,5.78,0.52,6.53,11.38,7.52,11.36,1.16,0.15,306.54,167.84
2021,5,12,99.65,4,6.11,0.02,5.07,12.11,3.9,11.55,2.01,0.16,348.16,340.45
2021,5,13,99.54,2.98,4.88,0,5.37,12.86,4.69,12.25,1.92,0.17,350.23,349.77
2021,5,14,99,4.24,6.84,1.13,8.06,14.98,10.19,14.94,1.38,0.15,331.64,204.67
2021,5,15,98.65,3.82,5.87,5.3,9.58,15.12,13.12,15.07,1.13,0.15,316.22,156.02
2021,5,16,98.41,2.17,3.53,52.63,11.66,16.35,16,16.56,0.51,0.12,298.21,60.97
2021,5,17,98.01,4.16,5.98,7.11,12.45,18.91,17.05,18.72,1.02,0.14,315.72,115.42
2021,5,18,98.07,3.2,5.1,2.65,13.31,21.23,18.07,20.79,1.44,0.16,326.72,189.52
2021,5,19,98.25,4.75,6.87,7.94,13.85,21.16,18.83,20.98,1.21,0.15,300.5,150.05
2021,5,20,98.44,5.2,7.58,6.61,14.4,20.83,19.43,20.96,0.88,0.14,317.31,98.44
2021,5,21,98.94,6.02,8.53,3.71,14.47,21.58,19.64,21.6,1.26,0.15,316.69,141.27
2021,5,22,99.23,4.62,6.65,6.85,13.73,20.47,18.77,20.44,1.07,0.15,312.06,123.72
2021,5,23,98.95,3.12,4.95,0.25,14.04,21.8,19.08,21.54,1.62,0.15,317.68,176.84
2021,5,24,98.61,3.74,5.7,0.28,14.4,21.95,19.49,22.08,1.72,0.14,316.73,195.47
2021,5,25,98.33,5.49,8.08,0.95,14.22,21.23,19.26,21.4,1.62,0.16,325.95,177.67
2021,5,26,98.56,3.09,5.2,1.15,13.98,23.72,18.98,23.48,2.55,0.15,347.2,320.75
2021,5,27,98.08,4.81,7.02,27.69,15.2,21.46,20.12,21.73,1.13,0.15,308.84,131
2021,5,28,98.66,5.54,7.48,0.14,7.02,13.39,8.4,12.67,1.34,0.15,360.22,141.53
2021,5,29,98.98,3.66,5.67,0,6.53,13.19,7.37,12.27,2.33,0.16,360.94,346.44
2021,5,30,99.08,2.33,3.4,0.02,7.87,14.54,10.18,14.47,1.66,0.15,342.48,244.49
2021,5,31,99.04,1.56,2.31,4.64,9.64,15.45,13.23,15.66,0.87,0.15,325.91,106.54
